AT2_Marjanovic,Liver_Marjanovic,EMT_Marjanovic,AT1/AT2_Marjaovic,Gastric Marjanovic,GI_Marjanovic,G2M_Marjanovic,HighlyMixed_Marjanovic,AT2_Krasnow_MSigDB,AT1_NKX2-1_Txn_Targets_Chen,AT1_LungGENS,AT1_Tata_LPS,AT1_Tata_Organoids,AT1_Krasnow_MSigDB,Cornified_envelope_MSigDB,Cornificaiton_MSigDB,Keratinization_MSigDB,Keratinocyte_differentiation_MSigDB,Zou_Spinous_Cell,Zou_Granular_Cell,Zou_Mitotic_Cell,Zou_Basal_Cell,Struntz_ADI,PATS_organoids,PATS_mouse,Struntz_ADI,PATS_organoids,PATS_mouse,AT1_NKX2-1_Txn_Targets_Chen,AT1_LungGENS,AT1_Tata_LPS,AT1_Tata_Organoids,AT2_Marjanovic,Liver_Marjanovic,EMT_Marjanovic,AT1/AT2_Marjaovic,Gastric Marjanovic,GI_Marjanovic,G2M_Marjanovic,HighlyMixed_Marjanovic
Lyz2,Trf,Igfbp4,Ager,Gkn2,Fxyd3,Mcm2,Cldn4,ABCA3,Aqp1,Timp3,Ager,Ager,ABCA1,ANXA1,CAPN1,ABCA12,ABCA12,KRT1,CALML5,HIST1H4C,KRT15,Sprr1a,Clu,S100a6,SPRR1A,CLU,S100A6,AQP1,TIMP3,AGER,AGER,LYZ2,TRF,IGFBP4,AGER,GKN2,FXYD3,MCM2,CLDN4
Cbr2,Meg3,Fn1,Akap5,Lman1l,Il4ra,Mcm3,F3,AKAP13,Plod2,Cldn18,Sparc,Hopx,ABCA7,CDSN,CAPNS1,AC037482.3,AC037482.3,KRT10,SLURP1,HMGB2,KRT14,Cldn4,Cldn4,Sfn,CLDN4,CLDN4,SFN,PLOD2,CLDN18,SPARC,HOPX,CBR2,MEG3,FN1,AKAP5,LMAN1L,IL4RA,MCM3,F3
Chil1,Pf4,Vim,Sparc,Gzme,Tspan1,Stmn1,Procr,ATP11A,Ddc,Gprc5a,Cryab,Akap5,ABCA8,CNFN,CASP14,CAPN1,ACER1,KRTDAP,SPRR1B,TUBA1B,KRT5,Cdkn1a,Krt18,Tmsb10,CDKN1A,KRT18,TMSB10,DDC,GPRC5A,CRYAB,AKAP5,CHIL1,PF4,VIM,SPARC,GZME,TSPAN1,STMN1,PROCR
Hc,Rian,Fxyd5,Col4a3,Akr1c12,Syt8,Parp1,Cldn7,ATP8A1,Tspan13,Ager,Emp2,Timp3,ABI3BP,CST6,CDSN,CAPNS1,ADAM9,DMKN,KRT2,STMN1,COL17A1,Plaur,Nupr1,Cldn4,PLAUR,NUPR1,CLDN4,TSPAN13,AGER,EMP2,TIMP3,HC,RIAN,FXYD5,COL4A3,AKR1C12,SYT8,PARP1,CLDN7
Sftpa1,Gm27000,Cpe,Dpysl2,Cldn6,Ttc39a,Psat1,Slc4a11,C16orf89,Scarf1,Lmo7,Igfbp7,Cldn18,ABLIM1,CSTA,CELA2A,CASP14,AKR1C3,LYPD3,FLG,PTTG1,IGFBP3,Tnip3,S100a6,Clu,TNIP3,S100A6,CLU,SCARF1,LMO7,IGFBP7,CLDN18,SFTPA1,GM27000,CPE,DPYSL2,CLDN6,TTC39A,PSAT1,SLC4A11
Lamp3,Gstt1,Fbln2,Cldn18,Plgrkt,Mlph,Cks1b,Cars,C1orf21,Msl3l2,Emp2,Gprc5a,Clic5,ACAA2,DSC1,CERS3,CDH3,ALOX15B,DEFB1,SBSN,UBE2C,DST,Tnfrsf12a,Krt7,AW112010,TNFRSF12A,KRT7,AW112010,MSL3L2,EMP2,GPRC5A,CLIC5,LAMP3,GSTT1,FBLN2,CLDN18,PLGRKT,MLPH,CKS1B,CARS
Scd1,Klk13,Fam84a,Timp3,Ddah1,Slc45a3,Mcm5,Asns,C5orf38,Rilp,Tmsb4x,Akap5,Emp2,ACKR4,DSC2,CSTA,CDSN,ANXA1,LY6D,CSTA,H2AFZ,S100A2,Tpm2,Sfn,Krt19,TPM2,SFN,KRT19,RILP,TMSB4X,AKAP5,EMP2,SCD1,KLK13,FAM84A,TIMP3,DDAH1,SLC45A3,MCM5,ASNS
Mid1ip1,Dmkn,Spp1,Mmp11,Gprc5c,Gsto1,Mcm7,Hmces,CACNA2D2,Colgalt2,Myl12a,Clic5,Ndnf,ACTB,DSC3,CYP26B1,CELA2A,AQP3,RHOV,FABP5,TK1,MIR205HG,Edn1,Krt8,Krt18,EDN1,KRT8,KRT18,COLGALT2,MYL12A,CLIC5,NDNF,MID1IP1,DMKN,SPP1,MMP11,GPRC5C,GSTO1,MCM7,HMCES
Entpd1,Gm933,Inhba,Myh14,Hsd17b2,B3gnt3,Pold2,Sgms2,CD44,Galnt18,Col4a3,Timp3,Sparc,ACTG1,DSG1,DSC1,CERS3,ASAH1,LGALS7,KRTDAP,KIAA0101,CXCL14,S100a6,Krt19,Anxa1,S100A6,KRT19,ANXA1,GALNT18,COL4A3,TIMP3,SPARC,ENTPD1,GM933,INHBA,MYH14,HSD17B2,B3GNT3,POLD2,SGMS2
Napsa,Il4i1,Lamb1,Gramd2,Guca2a,Rn7sk,Dkc1,Tgif1,CD74,Lims2,Sec14l3,Cav1,Igfbp7,ADRB1,DSG2,DSC2,CNFN,BCL11B,SBSN,SULT2B1,MT2A,TGFBI,S100a10,Cldn18,Krt8,S100A10,CLDN18,KRT8,LIMS2,SEC14L3,CAV1,IGFBP7,NAPSA,IL4I1,LAMB1,GRAMD2,GUCA2A,RN7SK,DKC1,TGIF1
Chia1,Gjb1,Ctse,Slc44a2,Pcsk7,Gm26809,Dut,Ndrg1,CD81,Akap2,Aqp5,Clic3,Sec14l3,ADRB2,DSG3,DSC3,CSTA,BCR,KCNK7,SPRR1A,TUBB,ASS1,Anxa1,F3,Tpm2,ANXA1,F3,TPM2,AKAP2,AQP5,CLIC3,SEC14L3,CHIA1,GJB1,CTSE,SLC44A2,PCSK7,GM26809,DUT,NDRG1
Cxcl15,Elf5,Axl,Cryab,Tmem171,Ceacam1,Hist1h2ap,Nupr1,CHIAP2,Pdzrn3,Ahnak,Tppp3,Dag1,AGER,DSG4,DSG1,CYP26B1,CAPN1,DBI,CNFN,NUSAP1,ATP1B3,Prkcdbp,S100a14,Krt7,PRKCDBP,S100A14,KRT7,PDZRN3,AHNAK,TPPP3,DAG1,CXCL15,ELF5,AXL,CRYAB,TMEM171,CEACAM1,HIST1H2AP,NUPR1
Lcn2,Gm29216,Add2,Aqp5,Raet1e,Gstp2,Hmgn2,Nars,CLDN18,Tspan5,S100a6,Nnat,Gprc5a,AGRN,DSP,DSG2,DSC1,CAPNS1,PHLDA2,LYNX1,CKS1B,PDLIM1,S100a14,Cdkn1a,Serpinb9,S100A14,CDKN1A,SERPINB9,TSPAN5,S100A6,NNAT,GPRC5A,LCN2,GM29216,ADD2,AQP5,RAET1E,GSTP2,HMGN2,NARS
Acoxl,Col18a1,Ecm1,Sec14l3,Akr1c13,Pcsk6,AI506816,Pvr,CPM,Slc17a2,Krt7,Krt7,Malat1,AGTPBP1,EVPL,DSG3,DSC2,CASP14,CRABP2,SPINK5,HMGB1,CYR61,Lgals3,Myl12a,Anxa2,LGALS3,MYL12A,ANXA2,SLC17A2,KRT7,KRT7,MALAT1,ACOXL,COL18A1,ECM1,SEC14L3,AKR1C13,PCSK6,AI506816,PVR
Elovl1,Cldn2,Dbn1,Akap13,Vil1,Tnfrsf21,Tyms,Gdf15,CREB3L1,Cytl1,Anxa3,Fbln5,Clic3,AHNAK,EVPLL,DSG4,DSC3,CASP3,LGALS7B,LYPD3,CDK1,ALDH3A1,Cyr61,Tpm1,Ifitm3,CYR61,TPM1,IFITM3,CYTL1,ANXA3,FBLN5,CLIC3,ELOVL1,CLDN2,DBN1,AKAP13,VIL1,TNFRSF21,TYMS,GDF15
Ppp1r14c,Vkorc1,Capg,Ano1,Igsf9,Prss22,Srm,Epcam,CRTAC1,Cd59a,Pdpn,S100a6,Vegfa,ALDH3A2,FLG,DSP,DSG1,CBFB,DSP,CLIC3,HMGN2,SYT8,Atf3,Sprr1a,Epcam,ATF3,SPRR1A,EPCAM,CD59A,PDPN,S100A6,VEGFA,PPP1R14C,VKORC1,CAPG,ANO1,IGSF9,PRSS22,SRM,EPCAM
Sftpc,Bgn,Lgals1,AC154734.1,Tspan12,0610040J01Rik,Mcm6,Sars,CXCL17,Rgcc,Clic5,Aqp5,Msn,ALS2CL,FLG2,EVPL,DSG2,CD109,APOE,CARD18,CENPW,RND3,Krt18,Fn1,Lgals3,KRT18,FN1,LGALS3,RGCC,CLIC5,AQP5,MSN,SFTPC,BGN,LGALS1,AC154734.1,TSPAN12,0610040J01RIK,MCM6,SARS
Lpcat1,Bpifa1,Gm14005,Fam174b,Dcaf4,Tnfrsf1b,Kpna2,Myc,CYB5A,Btg3,Hdgf,Bcam,Serpinb9,ANGPTL2,HRNR,FLG,DSG3,CDH3,EMP2,LY6G6C,PCNA,KLK5,Cryab,Anxa1,Tnip3,CRYAB,ANXA1,TNIP3,BTG3,HDGF,BCAM,SERPINB9,LPCAT1,BPIFA1,GM14005,FAM174B,DCAF4,TNFRSF1B,KPNA2,MYC
Etv5,Nup214,Timp1,Clic5,Hif3a,Serinc2,Rfc4,Dusp10,DLC1,Grem2,Clic3,Cldn18,Bcam,ANKRD1,IVL,FURIN,DSG4,CDSN,S100A14,DMKN,CKS2,CTNNAL1,Sfn,Ctgf,Sox4,SFN,CTGF,SOX4,GREM2,CLIC3,CLDN18,BCAM,ETV5,NUP214,TIMP1,CLIC5,HIF3A,SERINC2,RFC4,DUSP10
Slc34a2,Echdc2,Frrs1,Scnn1a,Pparg,Enpp5,Apex1,Atp2b1,DRAM1,Tril,Akap5,Ndnf,Col4a4,ANKRD29,JUP,IVL,DSP,CELA2A,THBD,KLK7,TOP2A,S100A10,Rap2b,Malat1,Anxa5,RAP2B,MALAT1,ANXA5,TRIL,AKAP5,NDNF,COL4A4,SLC34A2,ECHDC2,FRRS1,SCNN1A,PPARG,ENPP5,APEX1,ATP2B1
Nrp1,Fmo2,Tnnt2,Dapk2,Cutal,St8sia6,Cdk1,Ezr,DUOX1,Pdzd2,Msln,Serpinb9,Pdgfa,ANKS1A,KAZN,JUP,EVPL,CERS3,GLTP,TMEM45A,DUT,TNFRSF12A,2200002D01Rik,Calm1,Cyr61,2200002D01RIK,CALM1,CYR61,PDZD2,MSLN,SERPINB9,PDGFA,NRP1,FMO2,TNNT2,DAPK2,CUTAL,ST8SIA6,CDK1,EZR
Lrg1,Cfi,Aldh1a3,Clic3,Bag2,Nt5e,Ppil1,Clu,ETV5,Scrn1,Insig1,Crip2,Sema3e,ANO6,KRT1,KAZN,FLG,CLIC4,OVOL1,TMEM99,BIRC5,EDN1,Mfge8,Emp2,Cavin3,MFGE8,EMP2,CAVIN3,SCRN1,INSIG1,CRIP2,SEMA3E,LRG1,CFI,ALDH1A3,CLIC3,BAG2,NT5E,PPIL1,CLU
Fasn,Nrep,Abcb1a,Emp2,Cyp3a13,Ffar4,Vars,Crb3,FABP5,Cttnbp2,Pard6b,Sec14l3,S100a14,ANOS1,KRT10,KLK12,FURIN,CNFN,SFN,SCEL,TYMS,HOPX,Gdf15,Igfbp7,Tuba1a,GDF15,IGFBP7,TUBA1A,CTTNBP2,PARD6B,SEC14L3,S100A14,FASN,NREP,ABCB1A,EMP2,CYP3A13,FFAR4,VARS,CRB3
Esam,Apoe,Tspan3,Pdlim2,Gcnt1,Msln,Phgdh,Fosl1,FASN,Ocln,H3f3b,2200002D01Rik,Col4a3,ANXA2,KRT2,KLK13,HRNR,CSTA,DEGS1,SPRR2D,CDKN3,POSTN,Itgb6,Sox4,S100a11,ITGB6,SOX4,S100A11,OCLN,H3F3B,2200002D01RIK,COL4A3,ESAM,APOE,TSPAN3,PDLIM2,GCNT1,MSLN,PHGDH,FOSL1
H2-Aa,Aif1l,Acsbg1,Bcam,A830080D01Rik,Man2a2,Rrm1,Eif3c,FBP1,Lgi3,Nkx2-1,Hopx,Serpinb6b,ANXA3,LCE1D,KLK14,IVL,CTSK,PYCARD,BLMH,DEK,CAV1,Perp,Tnfrsf12a,Serpinb1a,PERP,TNFRSF12A,SERPINB1A,LGI3,NKX2-1,HOPX,SERPINB6B,H2-AA,AIF1L,ACSBG1,BCAM,A830080D01RIK,MAN2A2,RRM1,EIF3C
Sftpd,Gm10800,Ugdh,Radil,Slc37a3,Ly6d,Farsb,Grpel2,FNIP2,Agpat4,Cldn3,Prdx6,Icam1,APLP2,LORICRIN,KLK5,JUP,CTSL,AQP3,IVL,CCNB1,CAV2,Myl12a,Actg1,Crip1,MYL12A,ACTG1,CRIP1,AGPAT4,CLDN3,PRDX6,ICAM1,SFTPD,GM10800,UGDH,RADIL,SLC37A3,LY6D,FARSB,GRPEL2
S100g,Apob,Igfbp3,Lmo7,Rab13,Lgals3bp,Ruvbl2,Lif,GKN2,Cep78,Actb,Dpysl2,Lmo7,AQP4,PI3,KRT1,KAZN,CTSV,ALDH2,KLK11,SMC4,TGIF1,Msn,Gprc5a,Lgals1,MSN,GPRC5A,LGALS1,CEP78,ACTB,DPYSL2,LMO7,S100G,APOB,IGFBP3,LMO7,RAB13,LGALS3BP,RUVBL2,LIF
Abca3,Rerg,Gatm,Dag1,Actr8,Mal,Cdca7,Tnfrsf12a,GSTA4,Slc39a2,Agrn,Vegfa,Fbln5,ARAP2,PKP1,KRT10,KLK12,CYP26B1,CCND1,KRT77,ZWINT,TAX1BP3,Igfbp7,Actn1,Ccl20,IGFBP7,ACTN1,CCL20,SLC39A2,AGRN,VEGFA,FBLN5,ABCA3,RERG,GATM,DAG1,ACTR8,MAL,CDCA7,TNFRSF12A
Oat,Ggcx,Ctsl,Col4a4,Paqr5,Hbb-bs,Ncapd2,Eif4ebp1,HOPX,Inpp5b,Krt18,Cav2,Gramd2,ARHGAP29,PKP2,KRT12,KLK13,CYP27B1,CHP2,PYDC1,CDC20,ASPN,Cxcl16,Ly6e,Actn1,CXCL16,LY6E,ACTN1,INPP5B,KRT18,CAV2,GRAMD2,OAT,GGCX,CTSL,COL4A4,PAQR5,HBB-BS,NCAPD2,EIF4EBP1
Gm43085,Notch1,Cdkn2b,Serpinb6b,Rbp4,Degs2,Nudcd2,Cyb5r1,KCNJ15,Sema6d,Calm2,Cd9,Aqp5,ARHGEF26,PKP3,KRT13,KLK14,DNASE1L2,ZNF750,DSC1,CENPF,FAM213A,Hspb1,Anxa3,Mfge8,HSPB1,ANXA3,MFGE8,SEMA6D,CALM2,CD9,AQP5,GM43085,NOTCH1,CDKN2B,SERPINB6B,RBP4,DEGS2,NUDCD2,CYB5R1
Prnp,mt-Co1,Ppfibp1,Malat1,Hdac6,Tpm2,Dctpp1,Lpin2,LAMP3,Wnt10b,Sod1,Msn,Limch1,ARL6IP5,PKP4,KRT14,KLK5,DSC1,PERP,EMP2,H2AFV,FHL2,Anxa3,Hopx,Ubd,ANXA3,HOPX,UBD,WNT10B,SOD1,MSN,LIMCH1,PRNP,MT-CO1,PPFIBP1,MALAT1,HDAC6,TPM2,DCTPP1,LPIN2
Mlc1,Gm8113,Ltbp1,Arhgef26,Hps1,Tmem40,Cdc20,Gcnt2,LMO3,Hspb1,Rgcc,Pmp22,Itgb6,ARPC5,PPL,KRT15,KRT1,DSC2,NRARP,CLDN4,KPNA2,LAMB3,Cd81,Epcam,Tubb5,CD81,EPCAM,TUBB5,HSPB1,RGCC,PMP22,ITGB6,MLC1,GM8113,LTBP1,ARHGEF26,HPS1,TMEM40,CDC20,GCNT2
Ctsc,Gpc3,Hilpda,Ndst1,Aldh3a2,Far1,Rbmxl1,Actn1,LRRK2,Fam189a2,Serpinb6b,Krt19,Nnat,ATF3,RPTN,KRT16,KRT10,DSC3,RAB25,KLK8,RRM2,GSTM3,Pttg1ip,Csrp1,Ywhah,PTTG1IP,CSRP1,YWHAH,FAM189A2,SERPINB6B,KRT19,NNAT,CTSC,GPC3,HILPDA,NDST1,ALDH3A2,FAR1,RBMXL1,ACTN1
Acly,Pbld2,Anxa8,Gm37376,Snhg11,Pfkp,Pmf1,Kif5b,MALL,Cped1,Prickle3,Pdpn,Krt7,ATOH8,SCEL,KRT17,KRT12,DSG1,HES1,GLTP,PTMA,FTH1,F3,Lgals3,S100a10,F3,LGALS3,S100A10,CPED1,PRICKLE3,PDPN,KRT7,ACLY,PBLD2,ANXA8,GM37376,SNHG11,PFKP,PMF1,KIF5B
D330041H03Rik,Cyp2c68,Klra4,Msn,Raet1d,Hba-a2,Cks2,Slc38a2,MBIP,Npnt,Iqgap1,Lgals3,Hs2st1,ATP11A,SPRR1A,KRT18,KRT13,DSG2,CCL27,HMGCS1,ARL6IP1,DLK2,Tuft1,Ankrd1,Hspb1,TUFT1,ANKRD1,HSPB1,NPNT,IQGAP1,LGALS3,HS2ST1,D330041H03RIK,CYP2C68,KLRA4,MSN,RAET1D,HBA-A2,CKS2,SLC38A2
Rbpjl,Noxo1,F2r,Gprc5a,Cers3,Endod1,Ipo4,Cldn3,MTUS1,Gm5900,Crip2,Tspan8,Sptbn1,ATP1B3,SPRR1B,KRT19,KRT14,DSG3,TUBB2A,CTNNBIP1,MAD2L1,FBXW7,Hbegf,S100a10,2200002D01Rik,HBEGF,S100A10,2200002D01RIK,GM5900,CRIP2,TSPAN8,SPTBN1,RBPJL,NOXO1,F2R,GPRC5A,CERS3,ENDOD1,IPO4,CLDN3
Slc39a8,Hdc,Slc9a2,Agrn,Arhgap6,Rnf141,Tacc3,Itga2,MUC1,Tshb,Tmod1,Lmo7,Cavin2,ATP2B4,SPRR2A,KRT2,KRT15,DSG4,PKP1,PHLDA2,PRC1,SLC2A1,Ifrd1,Msn,Nfkbia,IFRD1,MSN,NFKBIA,TSHB,TMOD1,LMO7,CAVIN2,SLC39A8,HDC,SLC9A2,AGRN,ARHGAP6,RNF141,TACC3,ITGA2
Cd36,Alb,Ank,Dennd3,Borcs5,Fxyd4,Rangap1,Raph1,NECAB3,Slc4a5,S100a11,Anxa5,Scnn1a,B2M,SPRR2B,KRT20,KRT16,DSP,JUP,LGALS7B,MT1E,DKK3,Ppp1r15a,Tpm4,Cyba,PPP1R15A,TPM4,CYBA,SLC4A5,S100A11,ANXA5,SCNN1A,CD36,ALB,ANK,DENND3,BORCS5,FXYD4,RANGAP1,RAPH1
Zdhhc3,Gc,Prkg2,Wdr45,Lyst,Mvp,Tfdp1,Rbms1,NINJ2,Susd2,Tspan8,Timp2,Prdx6,B3GNT2,SPRR2D,KRT23,KRT17,EPHA2,ID1,SLPI,RANBP1,SLC7A5,Tpm1,Myl12b,F3,TPM1,MYL12B,F3,SUSD2,TSPAN8,TIMP2,PRDX6,ZDHHC3,GC,PRKG2,WDR45,LYST,MVP,TFDP1,RBMS1
Cox6a2,Mirg,Ptk2b,Ece1,Elp3,Il18rap,Cdca7l,Slc6a9,NPC2,Stk36,Scnn1g,Anxa3,Myl12a,B3GNT7,SPRR2E,KRT24,KRT18,EREG,GJA1,KLK1,PBK,IL18,Esd,Tspo,Cd24a,ESD,TSPO,CD24A,STK36,SCNN1G,ANXA3,MYL12A,COX6A2,MIRG,PTK2B,ECE1,ELP3,IL18RAP,CDCA7L,SLC6A9
Egfl6,Igfbp5,Nrn1,Tspan2,Abcc3,Qsox1,Lyar,Zfand2a,PARM1,Fjx1,Dpysl2,Cyr61,Anxa3,B3GNT8,SPRR2F,KRT25,KRT19,ERRFI1,ZFP36L1,NCCRP1,MT1X,LIMA1,Krt7,S100a11,Cd81,KRT7,S100A11,CD81,FJX1,DPYSL2,CYR61,ANXA3,EGFL6,IGFBP5,NRN1,TSPAN2,ABCC3,QSOX1,LYAR,ZFAND2A
Cpm,Gas6,Mmd,Trim3,Ermp1,Fam83e,Wdr18,Tpd52l2,PCDH9,Wnt3a,Prdx6,Tmem37,Ppp3ca,B4GALT1,SPRR2G,KRT26,KRT2,ETV4,S100A11,ELOVL4,MKI67,GPX4,Ccng1,Tpm2,Lurap1l,CCNG1,TPM2,LURAP1L,WNT3A,PRDX6,TMEM37,PPP3CA,CPM,GAS6,MMD,TRIM3,ERMP1,FAM83E,WDR18,TPD52L2
Tmem50b,Pla2g1b,Slc16a3,Sorl1,Mettl27,Ablim1,Hmgb2,Cct4,PEBP4,Ifit3,Prkci,S100a11,Tmsb4x,BCAP31,SPRR3,KRT27,KRT20,EVPL,CA2,CASP14,TUBB4B,GPX1,Anxa5,Basp1,Myl12a,ANXA5,BASP1,MYL12A,IFIT3,PRKCI,S100A11,TMSB4X,TMEM50B,PLA2G1B,SLC16A3,SORL1,METTL27,ABLIM1,HMGB2,CCT4
Socs2,Gm10801,Ncs1,Pdpn,Sgce,Bcar3,Knstrn,Trib3,PGC,Slco3a1,Asah1,Pdlim2,Mthfd1,BDNF,TCHH,KRT28,KRT23,EXPH5,CSTB,KRT10,UBE2S,MOXD1,Timp2,Cald1,S100a14,TIMP2,CALD1,S100A14,SLCO3A1,ASAH1,PDLIM2,MTHFD1,SOCS2,GM10801,NCS1,PDPN,SGCE,BCAR3,KNSTRN,TRIB3
Ldhb,Habp2,Map1b,Nceh1,Sel1l3,Pcolce,Racgap1,Cct8,PMM1,Fkbp11,2200002D01Rik,Icam1,Myl6,C10orf67,TGM1,KRT3,KRT24,FLG,TMEM40,FAM25A,TUBA1C,ZFP36L2,Krt8,Itgb6,Tpm1,KRT8,ITGB6,TPM1,FKBP11,2200002D01RIK,ICAM1,MYL6,LDHB,HABP2,MAP1B,NCEH1,SEL1L3,PCOLCE,RACGAP1,CCT8
Acsl4,Cyp2c40,Cmtm3,Fbln5,Dhx32,Ptges,Aimp2,Perp,PPP2R5A,Tpst1,Rtkn2,Ppic,Lamc2,C14orf132,,KRT31,KRT25,FOSL2,DSC3,DBI,CENPA,WNT10A,Anxa2,Anxa5,Igfbp7,ANXA2,ANXA5,IGFBP7,TPST1,RTKN2,PPIC,LAMC2,ACSL4,CYP2C40,CMTM3,FBLN5,DHX32,PTGES,AIMP2,PERP
Lgi3,Dlk1,Bmp7,Nebl,Tfap2b,Pbp2,Dnajc9,Mapk6,PTPN13,Usp18,Gja1,Serpinb6b,Gsn,C1orf198,,KRT32,KRT26,FOXC1,PVRL4,ARL5A,AURKB,PKM,Rps27l,Dstn,Marcksl1,RPS27L,DSTN,MARCKSL1,USP18,GJA1,SERPINB6B,GSN,LGI3,DLK1,BMP7,NEBL,TFAP2B,PBP2,DNAJC9,MAPK6
Rnase4,Scgb3a2,Ghr,Fgfr3,Hpx,AC117226.2,AC153546.1,2410006H16Rik,PXMP4,D030018L15Rik,Hopx,Mettl7a1,Tgfb2,CADM1,,KRT33A,KRT27,FOXN1,GSTA4,TUBB2A,NUCKS1,FAM134B,Cstb,Nfkbia,Cfl1,CSTB,NFKBIA,CFL1,D030018L15RIK,HOPX,METTL7A1,TGFB2,RNASE4,SCGB3A2,GHR,FGFR3,HPX,AC117226.2,AC153546.1,2410006H16RIK
Lyz1,Fcgrt,Tuba1a,Mprip,Pkhd1,Emp3,Nubp1,AI413582,QSOX1,Mrc2,Gng5,Dag1,Slc44a2,CAPN2,,KRT33B,KRT28,FURIN,DSG1,RAB25,RPA3,PTRF,Trp53,Ctnna1,Myl12b,TRP53,CTNNA1,MYL12B,MRC2,GNG5,DAG1,SLC44A2,LYZ1,FCGRT,TUBA1A,MPRIP,PKHD1,EMP3,NUBP1,AI413582
Mme,Lims1,Smtn,Slc9a3r2,Tbce,Cd14,Lsm2,Chrnb1,RFTN1,Pdgfa,Selenbp1,Ehd2,Ier3,CAV1,,KRT34,KRT3,GRHL1,GATA3,RDH12,CCNB2,SPON2,Arpc2,Itgb1,Hsp90ab1,ARPC2,ITGB1,HSP90AB1,PDGFA,SELENBP1,EHD2,IER3,MME,LIMS1,SMTN,SLC9A3R2,TBCE,CD14,LSM2,CHRNB1
Il33,Ros1,Cdh6,Slc6a14,Micu2,Kcnq1,Noc4l,Ets2,RGS16,Ankrd1,Plp2,Myl12a,Pmp22,CAV2,,KRT35,KRT31,GRHL2,PTGS1,LAMTOR4,CALM2,CDCA7L,Plk2,Actb,Serpinh1,PLK2,ACTB,SERPINH1,ANKRD1,PLP2,MYL12A,PMP22,IL33,ROS1,CDH6,SLC6A14,MICU2,KCNQ1,NOC4L,ETS2
Dram1,Bmyc,Cdk5,Scnn1g,Tle6,Sdcbp2,Lsm3,Chac1,RNASE1,Chst8,Qk,Col4a3,Bsg,CCBE1,,KRT36,KRT32,HOXA7,S100A16,CRABP2,H2AFX,TP53AIP1,Clu,Serpinb9,Eno1,CLU,SERPINB9,ENO1,CHST8,QK,COL4A3,BSG,DRAM1,BMYC,CDK5,SCNN1G,TLE6,SDCBP2,LSM3,CHAC1
Hacd3,Gm10925,Fscn1,Apbb1,Acta2,Aldh1a1,Hat1,Slc7a1,ROS1,Ptn,Vamp8,Samhd1,Crip2,CCN1,,KRT37,KRT33A,HRNR,KLK11,SDC1,HINT1,ITGB1,Pkm,Myh9,Ptma,PKM,MYH9,PTMA,PTN,VAMP8,SAMHD1,CRIP2,HACD3,GM10925,FSCN1,APBB1,ACTA2,ALDH1A1,HAT1,SLC7A1
Adk,Gstt2,Hmga2,Ndnf,Mboat1,Ankrd37,Ahcy,Lhfp,S100A14,Tiparp,Anxa1,Col4a4,Cd74,CCN2,,KRT38,KRT33B,IFT74,CYB5A,C1orf68,RAN,TXNIP,Psmd8,Mfge8,Rtn4,PSMD8,MFGE8,RTN4,TIPARP,ANXA1,COL4A4,CD74,ADK,GSTT2,HMGA2,NDNF,MBOAT1,ANKRD37,AHCY,LHFP
Emb,Map3k1,Serinc3,Cd81,Slc16a12,Snx15,Rfc5,Wnt7a,SCD,Fam69a,S100a14,Selenbp1,Samhd1,CD151,,KRT39,KRT34,IL20,NSG1,C9orf169,GAPDH,Z83851.1,Gadd45b,Ptgs2,Anxa3,GADD45B,PTGS2,ANXA3,FAM69A,S100A14,SELENBP1,SAMHD1,EMB,MAP3K1,SERINC3,CD81,SLC16A12,SNX15,RFC5,WNT7A
Abcd3,Gm28661,Fam89b,Qk,Plekhh1,Cyp2s1,Xrcc1,Plin2,SECISBP2L,Sh3rf2,Icam1,S100a14,Rab11fip1,CD47,,KRT4,KRT35,INTU,TMEM154,KCNK7,MCM7,ITGB4,Sqstm1,Rab11fip1,Calm1,SQSTM1,RAB11FIP1,CALM1,SH3RF2,ICAM1,S100A14,RAB11FIP1,ABCD3,GM28661,FAM89B,QK,PLEKHH1,CYP2S1,XRCC1,PLIN2
C6,Zfp704,Tnfrsf22,Col4a2,Caml,Pam,Wbscr22,Slc35e4,SELENBP1,Bdnf,Cd9,Capzb,Agrn,CD55,,KRT40,KRT36,IRF6,HSPB1,KRT1,SNRPG,TP63,Akr1b8,Crip2,Gadd45b,AKR1B8,CRIP2,GADD45B,BDNF,CD9,CAPZB,AGRN,C6,ZFP704,TNFRSF22,COL4A2,CAML,PAM,WBSCR22,SLC35E4
H2-Ab1,Akr1c19,Stmn2,Wls,Itih2,Appl2,Mrpl18,Cdv3,SFTA3,Popdc3,Wdr45,Anxa1,Tns1,CD63,,KRT5,KRT37,IVL,RBP1,DGAT2,STRA13,HINT1,Epcam,Tmsb10,Sparc,EPCAM,TMSB10,SPARC,POPDC3,WDR45,ANXA1,TNS1,H2-AB1,AKR1C19,STMN2,WLS,ITIH2,APPL2,MRPL18,CDV3
Cd74,Ing4,Slc29a1,Ahnak,Txndc5,Ak3,Rpa2,St14,SFTPA1,Col5a2,Ezr,Anxa2,Cryab,CD9,,KRT6A,KRT38,JAG1,PRSS3,MAL2,ENO1,GDPD2,Lamc2,Cdh1,Plb1,LAMC2,CDH1,PLB1,COL5A2,EZR,ANXA2,CRYAB,CD74,ING4,SLC29A1,AHNAK,TXNDC5,AK3,RPA2,ST14
Epas1,Tmem181b-ps,Lgr6,Rtkn2,Gpa33,Phgr1,Ppa1,Flna,SFTPA2,Abca5,Il18r1,Myl12b,Npnt,CDKN1A,,KRT6B,KRT39,JUP,SULT2B1,CPM,UBE2T,ASCL2,Capg,Eif1,Tacstd2,CAPG,EIF1,TACSTD2,ABCA5,IL18R1,MYL12B,NPNT,EPAS1,TMEM181B-PS,LGR6,RTKN2,GPA33,PHGR1,PPA1,FLNA
Npc1,Vwa1,Rhoc,Hopx,Tex264,Golm1,Nup43,2810403A07Rik,SFTPB,Jun,Krt8,Gsn,Fam174b,CDKN2B,,KRT6C,KRT4,KAZN,RDH12,PDZK1IP1,MT1G,NFIB,Lmna,F11r,Cxcl16,LMNA,F11R,CXCL16,JUN,KRT8,GSN,FAM174B,NPC1,VWA1,RHOC,HOPX,TEX264,GOLM1,NUP43,2810403A07RIK
H2-D1,Rabgap1l,Ltbp3,Cgn,Rcbtb1,B3gnt7,Blmh,Ocln,SFTPC,Mfge8,Scnn1b,Fam189a2,Cd81,CEACAM6,,KRT7,KRT40,KDF1,GSTA3,HSPB1,CCNA2,IL1R2,Ndnf,Cavin3,Ifngr1,NDNF,CAVIN3,IFNGR1,MFGE8,SCNN1B,FAM189A2,CD81,H2-D1,RABGAP1L,LTBP3,CGN,RCBTB1,B3GNT7,BLMH,OCLN
Hnmt,Muc20,Rem2,Samhd1,Ptpn6,Lrrc26,Snrnp40,Mthfd2,SFTPD,RP23-428N8.3,Tmem37,Myl6,S100a11,CELF2,,KRT71,KRT5,KLK12,SDC1,SDR16C5,CENPH,SLC38A5,S100a11,Flna,Eif4a1,S100A11,FLNA,EIF4A1,RP23-428N8.3,TMEM37,MYL6,S100A11,HNMT,MUC20,REM2,SAMHD1,PTPN6,LRRC26,SNRNP40,MTHFD2
Dhrs3,Ddc,Tmtc4,Hs2st1,Phka2,Pglyrp1,Nrm,Ep400,SLC22A31,Hpcal1,Sec22a,Cavin2,S100a6,CFL2,,KRT72,KRT6A,KLK13,CSTA,DEGS2,LSM4,TXNDC17,Rtn4,Vmp1,Actb,RTN4,VMP1,ACTB,HPCAL1,SEC22A,CAVIN2,S100A6,DHRS3,DDC,TMTC4,HS2ST1,PHKA2,PGLYRP1,NRM,EP400
Kcne2,St3gal6,Lpar1,Jup,Pnpla8,Paqr8,Nifk,Stam,SLC34A2,Samhd1,Gdpd1,Actb,Krt19,CFLAR,,KRT73,KRT6B,KLK14,CEBPA,TM7SF2,HNRNPA2B1,PRDX5,2410006H16Rik,Rtn4,Tnfrsf12a,2410006H16RIK,RTN4,TNFRSF12A,SAMHD1,GDPD1,ACTB,KRT19,KCNE2,ST3GAL6,LPAR1,JUP,PNPLA8,PAQR8,NIFK,STAM
Tmem30a,Klk14,Pdlim4,Hipk2,Ctps2,Gk,Prc1,Cxcl16,SNX30,F3,Myo1c,Scnn1a,Myo1b,CGN,,KRT74,KRT6C,KLK5,MAL2,CALML3,SMC2,SH3PXD2A,Itgb1,Sparc,Tmem176b,ITGB1,SPARC,TMEM176B,F3,MYO1C,SCNN1A,MYO1B,TMEM30A,KLK14,PDLIM4,HIPK2,CTPS2,GK,PRC1,CXCL16
Atp1b1,Zfp385b,Cxxc5,Sema3a,Polr3a,Rnf186,Gmnn,Trip10,TMEM125,Dusp14,Nrbp2,Gadd45b,Mal2,CKB,,KRT75,KRT7,KRT1,LAD1,THEM5,NMU,ANXA1,Actb,Hsp90ab1,Clic1,ACTB,HSP90AB1,CLIC1,DUSP14,NRBP2,GADD45B,MAL2,ATP1B1,ZFP385B,CXXC5,SEMA3A,POLR3A,RNF186,GMNN,TRIP10
Cd200,Gdpd2,Onecut2,S1pr2,Pnp2,Shc1,Cdt1,Tigit,TMSB4X,Dennd3,Pgrmc1,Gramd2,Myh14,CLDN18,,KRT76,KRT71,KRT10,RORA,TACSTD2,ANP32B,RAB4A,Pabpc1,Lmo7,Tspo,PABPC1,LMO7,TSPO,DENND3,PGRMC1,GRAMD2,MYH14,CD200,GDPD2,ONECUT2,S1PR2,PNP2,SHC1,CDT1,TIGIT
Acsl5,Atp2a3,Calu,Unc13d,Asl,Tmprss2,Rfc2,Aaed1,TXNDC17,Rnf215,Vegfa,Bsg,Tspan8,CLDN4,,KRT77,KRT72,KRT12,TACSTD2,PYCARD,DTYMK,EIF3E,B2m,Clic5,Itgb6,B2M,CLIC5,ITGB6,RNF215,VEGFA,BSG,TSPAN8,ACSL5,ATP2A3,CALU,UNC13D,ASL,TMPRSS2,RFC2,AAED1
Sec14l4,Ifitm2,Pdlim7,Itgb6,Galnt11,Unc45a,Rcc1,Cnih4,TXNIP,Hmha1,Msn,Pdgfa,Mettl7a1,CLDN7,,KRT78,KRT73,KRT13,EPHX3,RAB11A,SNRPB,GLTSCR2,Mdm2,Myl6,Cldn7,MDM2,MYL6,CLDN7,HMHA1,MSN,PDGFA,METTL7A1,SEC14L4,IFITM2,PDLIM7,ITGB6,GALNT11,UNC45A,RCC1,CNIH4
Selenos,mt-Co2,Id3,Tln1,Slc35b3,Pmaip1,Chaf1b,Gm42899,ZNF385B,Sdpr,Fosl2,Tspan15,Qk,CLIC2,,KRT79,KRT74,KRT14,DSC1,PRSS3,DNAJC9,NPM1,Tinagl1,B2m,Psmd8,TINAGL1,B2M,PSMD8,SDPR,FOSL2,TSPAN15,QK,SELENOS,MT-CO2,ID3,TLN1,SLC35B3,PMAIP1,CHAF1B,GM42899
Gja1,Gm21738,Uchl1,Col4a1,Net1,Eps8l3,Hikeshi,Eif3a,,F2r,Gde1,St6galnac2,Hbegf,CLIC3,,KRT8,KRT75,KRT15,DYNLL1,TUBA4A,KRT5,EGR1,Cast,Klf6,Pfn1,CAST,KLF6,PFN1,F2R,GDE1,ST6GALNAC2,HBEGF,GJA1,GM21738,UCHL1,COL4A1,NET1,EPS8L3,HIKESHI,EIF3A
Rasl11a,Cnpy2,Asap1,Scnn1b,Sptlc1,Bok,Prmt1,Tuft1,,Pqlc1,Slc35e3,Limch1,F11r,CLIC5,,KRT80,KRT76,KRT16,APRT,SMIM5,DDX39A,IFITM3,Cd44,Timp3,Bst2,CD44,TIMP3,BST2,PQLC1,SLC35E3,LIMCH1,F11R,RASL11A,CNPY2,ASAP1,SCNN1B,SPTLC1,BOK,PRMT1,TUFT1
mt-Nd6,AC124413.2,Plpp3,2010111I01Rik,Cryl1,Gm44275,Prmt5,Lsr,,Grn,Hck,Galnt18,Tmem37,CLIP4,,KRT81,KRT77,KRT17,CLDN4,PPDPF,PHGDH,ABRACL,Rps5,Msln,Tpm4,RPS5,MSLN,TPM4,GRN,HCK,GALNT18,TMEM37,MT-ND6,AC124413.2,PLPP3,2010111I01RIK,CRYL1,GM44275,PRMT5,LSR
Tmem42,Nemf,Bmp1,Thbs3,Lrrc8e,Atp2c2,Alg8,Ptrh1,,Rab11fip1,Bcam,Ctnna1,Cnn2,CNPPD1,,KRT82,KRT78,KRT18,TMEM45A,GATA3,SLC25A5,FAM132A,Cd151,Cd81,Lpcat4,CD151,CD81,LPCAT4,RAB11FIP1,BCAM,CTNNA1,CNN2,TMEM42,NEMF,BMP1,THBS3,LRRC8E,ATP2C2,ALG8,PTRH1
mt-Nd2,Sardh,Tpst2,Igfbp7,Dhx40,Stom,Tk1,Litaf,,Prkcz,Anxa2,Ier3,Mprip,CNTN6,,KRT83,KRT79,KRT19,KLC3,C19orf33,SPC25,LY6E,Prr13,Rdh10,Msn,PRR13,RDH10,MSN,PRKCZ,ANXA2,IER3,MPRIP,MT-ND2,SARDH,TPST2,IGFBP7,DHX40,STOM,TK1,LITAF
Bex4,Pipox,Nradd,Mfsd7c,Dgat2,Enpp4,Wdr75,Kcnk1,,F11r,2310007B03Rik,Crlf1,Rtkn2,COL12A1,,KRT84,KRT8,KRT2,GATM,GAN,NUDT1,IFI27L2,Hsp90ab1,Ctsl,Hspa8,HSP90AB1,CTSL,HSPA8,F11R,2310007B03RIK,CRLF1,RTKN2,BEX4,PIPOX,NRADD,MFSD7C,DGAT2,ENPP4,WDR75,KCNK1
H2-K1,Id1,Sdc3,Stard3,Tubb2b,Got1,Hells,Nmt2,,Mcc,Bex4,Hs2st1,Cd9,COL4A1,,KRT85,KRT80,KRT20,CLDN1,DHCR24,SIVA1,BCAM,Ctsl,Cxcl16,Jpt1,CTSL,CXCL16,JPT1,MCC,BEX4,HS2ST1,CD9,H2-K1,ID1,SDC3,STARD3,TUBB2B,GOT1,HELLS,NMT2
Tmem164,Nme3,Peak1,2310007B03Rik,Sdccag3,Cracr2b,Rangrf,Gtpbp2,,Matn4,Cers2,F11r,Ctnna1,COL4A2,,KRT86,KRT81,KRT23,SERPINB5,SQLE,MZT2B,TNFRSF18,Rplp0,Gadd45b,Icam1,RPLP0,GADD45B,ICAM1,MATN4,CERS2,F11R,CTNNA1,TMEM164,NME3,PEAK1,2310007B03RIK,SDCCAG3,CRACR2B,RANGRF,GTPBP2
Brd7,Mia,Ackr3,Gsap,Lnx2,Ereg,Mcm4,Eif4g1,,Phactr1,Tacstd2,Ppp3ca,Magi3,COL4A3,,KRT9,KRT82,KRT24,SLC25A5,TECR,HIST1H1C,CYB5R1,Ubb,Mcam,Fn1,UBB,MCAM,FN1,PHACTR1,TACSTD2,PPP3CA,MAGI3,BRD7,MIA,ACKR3,GSAP,LNX2,EREG,MCM4,EIF4G1
Ank3,Bambi,Lrp1,Lamb2,Arhgap27,Coro2a,Tipin,Irf6,,Irx1,Slc39a8,Tmsb10,Apc,COL4A4,,LCE1A,KRT83,KRT25,EPHB6,ATOX1,ASPM,SOX15,Capn2,Ndnf,Lhfp,CAPN2,NDNF,LHFP,IRX1,SLC39A8,TMSB10,APC,ANK3,BAMBI,LRP1,LAMB2,ARHGAP27,CORO2A,TIPIN,IRF6
Pgs1,Fgfr2,Rcn2,Osbpl9,Fam20a,Hba-a1,Uhrf1,Anxa7,,Lox,Fgfbp1,Selenof,Cdkn2b,COL8A1,,LCE3D,KRT84,KRT26,TUBA4A,S100A14,NASP,AES,Txnl1,Tagln2,Lmna,TXNL1,TAGLN2,LMNA,LOX,FGFBP1,SELENOF,CDKN2B,PGS1,FGFR2,RCN2,OSBPL9,FAM20A,HBA-A1,UHRF1,ANXA7
Kcnj15,Cideb,Mast4,Ddx47,Deaf1,Cdc42ep5,Umps,Slc12a4,,Arhgap31,Gmfb,Fdx1,Lrpap1,COMT,,LIPK,KRT85,KRT27,ALDH3B2,DSG1,BUB3,IRX4,Rars,Psmd8,Cd47,RARS,PSMD8,CD47,ARHGAP31,GMFB,FDX1,LRPAP1,KCNJ15,CIDEB,MAST4,DDX47,DEAF1,CDC42EP5,UMPS,SLC12A4
Atp6v1c2,Tcf7l1,Ctxn1,Llgl2,Wfs1,Naaa,Ciapin1,Tnfrsf11b,,Saraf,Anxa4,Rab11fip1,Anxa5,CPM,,LIPM,KRT86,KRT28,FXYD3,SERPINB3,MIF,C12orf57,H2-D1,Timp2,Cd9,H2-D1,TIMP2,CD9,SARAF,ANXA4,RAB11FIP1,ANXA5,ATP6V1C2,TCF7L1,CTXN1,LLGL2,WFS1,NAAA,CIAPIN1,TNFRSF11B
Anpep,Nfix,Dst,Epb41l5,Plekhd1,Spcs3,Cenpa,Fam107b,,Mgll,Vps28,Cd81,Cavin1,CRIP2,,LIPN,KRT9,KRT3,KLK8,TMEM40,HN1,MMP28,Mif,Cfl1,Zfp36l1,MIF,CFL1,ZFP36L1,MGLL,VPS28,CD81,CAVIN1,ANPEP,NFIX,DST,EPB41L5,PLEKHD1,SPCS3,CENPA,FAM107B
Adcy7,Tc2n,Cnnm4,Myo1b,Clic6,Rab4b,Timm10,Sgpl1,,Pbx2,Perp,Mlf2,Akap13,CRYAB,,LORICRIN,KRTAP1-1,KRT31,SOSTDC1,ELOVL1,CRNDE,GUK1,Bax,Ano1,Bhlhe40,BAX,ANO1,BHLHE40,PBX2,PERP,MLF2,AKAP13,ADCY7,TC2N,CNNM4,MYO1B,CLIC6,RAB4B,TIMM10,SGPL1
Slco4c1,Pqlc1,Ncam1,Pls3,Ap3b1,Prkacb,Emc8,Il24,,Rasgrf2,Cxadr,Cystm1,Ano1,CST6,,PCSK6,KRTAP1-3,KRT32,RPS18,PVRL4,HMGB3,EFEMP1,Rpl19,Actn4,Cstb,RPL19,ACTN4,CSTB,RASGRF2,CXADR,CYSTM1,ANO1,SLCO4C1,PQLC1,NCAM1,PLS3,AP3B1,PRKACB,EMC8,IL24
mt-Nd4,Parm1,Fez2,Zfp579,Snrk,Serpinb5,Sae1,Rab6a,,Tmem237,Ywhae,Tmem176b,Filip1l,CUX1,,PERP,KRTAP1-4,KRT33A,NUPR1,EPHX3,CENPN,PHYHIP,Rps11,S100a1,Ffar4,RPS11,S100A1,FFAR4,TMEM237,YWHAE,TMEM176B,FILIP1L,MT-ND4,PARM1,FEZ2,ZFP579,SNRK,SERPINB5,SAE1,RAB6A
Stard3nl,Txnip,Hist1h2bc,Npnt,Scel,AI467606,Pih1d1,Chtop,,Anks1,F3,Bmp4,Myl12b,CXCL16,,PI3,KRTAP1-5,KRT33B,NEAT1,FAM162A,RRM1,COL7A1,Sbds,,Mif,SBDS,,MIF,ANKS1,F3,BMP4,MYL12B,STARD3NL,TXNIP,HIST1H2BC,NPNT,SCEL,AI467606,PIH1D1,CHTOP
Acaca,Zfp444,Eml1,Actn4,Ppp2r3a,Hid1,Eftud2,Pcmt1,,1810037I17Rik,Ehd2,Ahnak,Tead1,CYBRD1,,PKP1,KRTAP10-1,KRT34,TXN,ACER1,CDCA4,TOB1,Anxa7,,Cdk4,ANXA7,,CDK4,1810037I17RIK,EHD2,AHNAK,TEAD1,ACACA,ZFP444,EML1,ACTN4,PPP2R3A,HID1,EFTUD2,PCMT1
Lrp2,Cited2,Hsd3b7,Foxn3,Mtmr7,Arhgap40,Cdca8,Itga3,,Tulp1,Scd2,Serpinh1,Ltbp3,CYP4B1,,PKP2,KRTAP10-10,KRT35,ENSA,CYB5A,MZT2A,SLC3A2,Cltb,,Ly6a,CLTB,,LY6A,TULP1,SCD2,SERPINH1,LTBP3,LRP2,CITED2,HSD3B7,FOXN3,MTMR7,ARHGAP40,CDCA8,ITGA3
Fkbp2,Id2,Usp5,Arrdc1,Ralgps2,Cx3cl1,Fen1,Hif1a,,Phyh,Wfdc1,Plb1,2200002D01Rik,CYSTM1,,PKP3,KRTAP10-11,KRT36,CLEC2B,GGH,CDCA3,BGN,Nfkbia,,Tagln2,NFKBIA,,TAGLN2,PHYH,WFDC1,PLB1,2200002D01RIK,FKBP2,ID2,USP5,ARRDC1,RALGPS2,CX3CL1,FEN1,HIF1A
Atp11a,Ppp1r9a,Sh3kbp1,Cux1,Rab3b,Cxcl17,Dtymk,Pttg1ip,,Arxes2,Spry1,Ctsh,Ehd2,DAD1,,PKP4,KRTAP10-12,KRT37,S100A7,JUP,KIF20B,SLC47A2,Myl12b,,Spint1,MYL12B,,SPINT1,ARXES2,SPRY1,CTSH,EHD2,ATP11A,PPP1R9A,SH3KBP1,CUX1,RAB3B,CXCL17,DTYMK,PTTG1IP
Bscl2,Gm28437,Kctd11,Il18r1,Edem2,Nbl1,Uck2,Krt23,,Efna1,Rassf7,Mal2,Susd2,DAPK2,,PPL,KRTAP10-2,KRT38,S100A8,CSTB,TMEM106C,DUSP14,Eef1a1,,Tgfb2,EEF1A1,,TGFB2,EFNA1,RASSF7,MAL2,SUSD2,BSCL2,GM28437,KCTD11,IL18R1,EDEM2,NBL1,UCK2,KRT23
Npr1,Cdh16,Tcn2,AA986860,Adh1,Cblc,Gart,Cpsf6,,Smim3,Slc6a14,Krt18,Arid5b,DENND3,,PRSS8,KRTAP10-3,KRT39,KRT16,DYNLL1,NUF2,EEF1D,Rps16,,Npm1,RPS16,,NPM1,SMIM3,SLC6A14,KRT18,ARID5B,NPR1,CDH16,TCN2,AA986860,ADH1,CBLC,GART,CPSF6
Muc1,Pdia3,Maged2,Pmp22,Slc35g2,Hk1,Spc24,Scamp4,,Wipf3,Lrpap1,Ypel3,2810474O19Rik,DIPK2A,,RPTN,KRTAP10-4,KRT4,S100A9,UBR4,MCM3,GAMT,Eif6,,Hnrnpf,EIF6,,HNRNPF,WIPF3,LRPAP1,YPEL3,2810474O19RIK,MUC1,PDIA3,MAGED2,PMP22,SLC35G2,HK1,SPC24,SCAMP4
Gm11771,Zfas1,Qrfp,Tppp3,Zan,Ripk4,Grwd1,Hspa9,,Igfbp6,Atp5b,Pxdc1,Ppic,DLC1,,SPINK5,KRTAP10-5,KRT40,,GJA1,TPX2,BLCAP,Tuba1c,,Dynll1,TUBA1C,,DYNLL1,IGFBP6,ATP5B,PXDC1,PPIC,GM11771,ZFAS1,QRFP,TPPP3,ZAN,RIPK4,GRWD1,HSPA9
Grb14,Trim46,Tcaf1,Nkx2-1,Rhpn2,Ifngr1,Dohh,Vmp1,,Fam198b,Cryab,Krtap17-1,Wwp1,DNAJB1,,SPINK6,KRTAP10-6,KRT5,,RHOD,ANLN,ARPC2,Serinc1,,Junb,SERINC1,,JUNB,FAM198B,CRYAB,KRTAP17-1,WWP1,GRB14,TRIM46,TCAF1,NKX2-1,RHPN2,IFNGR1,DOHH,VMP1
Anxa6,Etv1,Csgalnact1,Cavin2,Xpc,Celf4,Anp32e,Bcl10,,2410004I01Rik,Dag1,Npnt,H2-Ab1,DOCK11,,SPINK9,KRTAP10-7,KRT6A,,KRT78,LSM3,GPSM2,F11r,,Rnh1,F11R,,RNH1,2410004I01RIK,DAG1,NPNT,H2-AB1,ANXA6,ETV1,CSGALNACT1,CAVIN2,XPC,CELF4,ANP32E,BCL10
Ang,Slc25a37,Glmp,Ehd2,Gcnt3,Plac8,Bub1b,Cdcp1,,4430402I18Rik,Nectin2,Fads3,Scnn1g,DOCK4,,SPRR1A,KRTAP10-8,KRT6B,,ARC,CCDC34,CXADR,Tmbim4,,Trp53,TMBIM4,,TRP53,4430402I18RIK,NECTIN2,FADS3,SCNN1G,ANG,SLC25A37,GLMP,EHD2,GCNT3,PLAC8,BUB1B,CDCP1
Slc26a9,Rab27a,Htra1,Piezo1,Pid1,Cfb,Tomm40,Sbno2,,Platr22,Elovl5,Clu,Nedd9,DPYSL2,,SPRR1B,KRTAP10-9,KRT6C,,PTGS1,S100A2,ERRFI1,Krt19,,Ywhaq,KRT19,,YWHAQ,PLATR22,ELOVL5,CLU,NEDD9,SLC26A9,RAB27A,HTRA1,PIEZO1,PID1,CFB,TOMM40,SBNO2
Atp6v1b2,mt-Rnr2,Leprot,Fam53b,Slc38a7,Hspa4l,Mrps23,Slc1a4,,Adamtsl3,Ptprf,Malat1,Crlf1,DST,,SPRR2A,KRTAP11-1,KRT7,,INSIG1,KIF22,SLC20A1,Ndufb6,,Atp5b,NDUFB6,,ATP5B,ADAMTSL3,PTPRF,MALAT1,CRLF1,ATP6V1B2,MT-RNR2,LEPROT,FAM53B,SLC38A7,HSPA4L,MRPS23,SLC1A4
mt-Atp8,Gm10717,Nptn,Tpp1,Pabpn1,Tor3a,Nip7,1110038B12Rik,,Arf3,Cavin2,Cdipt,H2-Eb1,DUSP1,,SPRR2B,KRTAP12-1,KRT71,,EFNA3,TPI1,FOS,Tspan8,,Dusp1,TSPAN8,,DUSP1,ARF3,CAVIN2,CDIPT,H2-EB1,MT-ATP8,GM10717,NPTN,TPP1,PABPN1,TOR3A,NIP7,1110038B12RIK
Cyp2f2,Ak1,Add1,Mical2,Zdhhc9,Ifngr2,Timm50,Clk3,,Ssh1,Lamc2,Crip1,Gde1,DUSP7,,SPRR2D,KRTAP12-2,KRT72,,TSPO,RNASEH2A,ATF3,Tmsb10,,Crlf1,TMSB10,,CRLF1,SSH1,LAMC2,CRIP1,GDE1,CYP2F2,AK1,ADD1,MICAL2,ZDHHC9,IFNGR2,TIMM50,CLK3
Exosc7,Gm10020,Kcnn4,Arhgap45,Ndrg4,St3gal5,Asf1b,Atp6ap2,,Sh3kbp1,Ndst1,Cavin1,Slc6a14,ECEL1P2,,SPRR2E,KRTAP12-3,KRT73,,CLDN1,CARHSP1,FGFBP1,Tpm4,,Gprc5a,TPM4,,GPRC5A,SH3KBP1,NDST1,CAVIN1,SLC6A14,EXOSC7,GM10020,KCNN4,ARHGAP45,NDRG4,ST3GAL5,ASF1B,ATP6AP2
Itih4,Pdrg1,Slc6a6,Pias1,Dsp,Plxna2,Gm10184,Sf1,,Vamp2,Sfta3-ps,Rhoa,Gadd45b,EDN1,,SPRR2F,KRTAP12-4,KRT74,,MSMO1,GGCT,NCOA7,1500012F01Rik,,Cdc42,1500012F01RIK,,CDC42,VAMP2,SFTA3-PS,RHOA,GADD45B,ITIH4,PDRG1,SLC6A6,PIAS1,DSP,PLXNA2,GM10184,SF1
Snx25,Arg1,Spsb1,Kank2,Fbxl4,Adamtsl5,Itpa,Cyth2,,Rtkn2,Tmem63b,Fam174b,Calm2,EFEMP1,,SPRR2G,KRTAP13-1,KRT75,,LGALSL,DHFR,,Areg,,Areg,AREG,,AREG,RTKN2,TMEM63B,FAM174B,CALM2,SNX25,ARG1,SPSB1,KANK2,FBXL4,ADAMTSL5,ITPA,CYTH2
Atp8a1,Lztr1,Npy,Liph,Herc3,Rhof,Prim1,Nt5c3,,Zfyve21,Hs2st1,Cavin3,Tbl1x,EFNA1,,SPRR3,KRTAP13-2,KRT76,,SERF2,HMMR,,Mal,,Timp2,MAL,,TIMP2,ZFYVE21,HS2ST1,CAVIN3,TBL1X,ATP8A1,LZTR1,NPY,LIPH,HERC3,RHOF,PRIM1,NT5C3
Adam19,Grb7,Tiam2,Aco1,Gpat4,Cr1l,Rpa3,Trmt1,,Nebl,Sparc,Hdgf,Cystm1,EFR3B,,ST14,KRTAP13-3,KRT77,,C4orf3,KRT14,,Eno1,,Myl6,ENO1,,MYL6,NEBL,SPARC,HDGF,CYSTM1,ADAM19,GRB7,TIAM2,ACO1,GPAT4,CR1L,RPA3,TRMT1
Rab9,Tmeff2,2900097C17Rik,Icam1,Misp,Dok1,Prmt3,Trappc4,,Oaz2,Pls3,Nkx2-1,Gpx4,EHD1,,TCHH,KRTAP13-4,KRT78,,TMEM54,SLBP,,Emp2,,Cldn18,EMP2,,CLDN18,OAZ2,PLS3,NKX2-1,GPX4,RAB9,TMEFF2,2900097C17RIK,ICAM1,MISP,DOK1,PRMT3,TRAPPC4
Trp53inp2,Gkn3,Efemp2,Ptpn14,Erlin2,2610528J11Rik,Cops3,Coq10b,,Pard6b,,Myh14,Eps8l2,EHD2,,TGM1,KRTAP15-1,KRT79,,GGT6,CENPU,,Rnf11,,Dstn,RNF11,,DSTN,PARD6B,,MYH14,EPS8L2,TRP53INP2,GKN3,EFEMP2,PTPN14,ERLIN2,2610528J11RIK,COPS3,COQ10B
Nkd1,Pde7b,Apbb2,Fam189a2,Sin3a,Slc35d1,Pold1,Fubp1,,Bmp4,,Itgb6,Pdlim2,ELOVL5,,TGM5,KRTAP16-1,KRT8,,EPPK1,SKA2,,Rac1,,Rhoa,RAC1,,RHOA,BMP4,,ITGB6,PDLIM2,NKD1,PDE7B,APBB2,FAM189A2,SIN3A,SLC35D1,POLD1,FUBP1
mt-Nd3,Comt,Uba3,Hspg2,Hnf4a,Mark2,Rfc3,Mafg,,Fam63b,,Tmem176a,S100a1,EMP2,,TMEM79,KRTAP17-1,KRT80,,CCDC64B,SGOL1,,Calm1,,Crip2,CALM1,,CRIP2,FAM63B,,TMEM176A,S100A1,MT-ND3,COMT,UBA3,HSPG2,HNF4A,MARK2,RFC3,MAFG
Gm45236,Cox16,Mical3,Trp53bp2,Hgsnat,Tns4,Ddx1,Afdn,,Fam134b,,Sema3b,Selenow,EPB41L3,,,KRTAP19-1,KRT81,,IDI1,GINS2,,Ahnak,,Cct8,AHNAK,,CCT8,FAM134B,,SEMA3B,SELENOW,GM45236,COX16,MICAL3,TRP53BP2,HGSNAT,TNS4,DDX1,AFDN
mt-Atp6,Alkbh6,Myo10,Plxnb1,Papss2,Adam9,Nup35,Mdm2,,Lhfp,,Krt8,,EPB41L5,,,KRTAP19-2,KRT82,,RP11-365O16.6,ZDHHC12,,Dusp1,,Rplp0,DUSP1,,RPLP0,LHFP,,KRT8,,MT-ATP6,ALKBH6,MYO10,PLXNB1,PAPSS2,ADAM9,NUP35,MDM2
Aplp2,Aass,Plat,Csrp1,E330009J07Rik,Slc2a1,Cdca3,Ptp4a1,,Tmem88,,Eva1b,,EPCAM,,,KRTAP19-3,KRT83,,C5orf46,MRPL51,,Btg2,,Ran,BTG2,,RAN,TMEM88,,EVA1B,,APLP2,AASS,PLAT,CSRP1,E330009J07RIK,SLC2A1,CDCA3,PTP4A1
Sult1a1,Cd38,2610203C20Rik,Hdac5,Zfp512,Gsdmd,Exosc8,Sec62,,Trp53bp2,,Tmsb4x,,EPS8L2,,,KRTAP19-4,KRT84,,RPS6KB2,CKAP2,,Arpc5,,H2-D1,ARPC5,,H2-D1,TRP53BP2,,TMSB4X,,SULT1A1,CD38,2610203C20RIK,HDAC5,ZFP512,GSDMD,EXOSC8,SEC62
Slc31a1,Ppp1r3c,Rab31,Arl4c,Elovl7,Cd55,Ak2,Malt1,,Arrdc3,,Lrpap1,,ERRFI1,,,KRTAP19-5,KRT85,,TMEM79,PAFAH1B3,,Tbrg1,,Litaf,TBRG1,,LITAF,ARRDC3,,LRPAP1,,SLC31A1,PPP1R3C,RAB31,ARL4C,ELOVL7,CD55,AK2,MALT1
Nenf,Pon3,Creb3l2,Plxnb2,Myrf,Micu1,Nde1,Ptpn23,,Gatsl3,,Slc6a14,,EVA1A,,,KRTAP19-6,KRT86,,SERPINA12,CBX3,,Calm2,,Csrp1,CALM2,,CSRP1,GATSL3,,SLC6A14,,NENF,PON3,CREB3L2,PLXNB2,MYRF,MICU1,NDE1,PTPN23
Itga9,Slc40a1,Map2k1,Airn,Afp,Camk2d,Gfer,Ntm,,Rcn3,,Pard6b,,EYA4,,,KRTAP19-7,KRT9,,AADAC,TROAP,,Klf6,,Rin2,KLF6,,RIN2,RCN3,,PARD6B,,ITGA9,SLC40A1,MAP2K1,AIRN,AFP,CAMK2D,GFER,NTM
Gpx8,Vcpkmt,Wipi1,Myo1e,Glb1,Alpi,Nop58,Fam50a,,Sec14l3,,Gng5,,FADS3,,,KRTAP19-8,KRTAP1-1,,POF1B,APITD1,,Cystm1,,Capzb,CYSTM1,,CAPZB,SEC14L3,,GNG5,,GPX8,VCPKMT,WIPI1,MYO1E,GLB1,ALPI,NOP58,FAM50A
Lrrk2,Trp53bp1,Pxdn,Nsun4,Foxa3,Gpr137,Atad3a,Mier1,,Slc1a5,,Gpx4,,FAM189A2,,,KRTAP2-1,KRTAP1-3,,SH3KBP1,ANP32E,,Rpl13,,Rps2,RPL13,,RPS2,SLC1A5,,GPX4,,LRRK2,TRP53BP1,PXDN,NSUN4,FOXA3,GPR137,ATAD3A,MIER1
Ogdh,Gm37899,Pold4,Wwp1,Thoc2,Plet1,Clns1a,Vps35,,Snhg18,,Slc44a2,,FAS,,,KRTAP2-3,KRTAP1-4,,RORA,DNMT1,,Glrx3,,Pkm,GLRX3,,PKM,SNHG18,,SLC44A2,,OGDH,GM37899,POLD4,WWP1,THOC2,PLET1,CLNS1A,VPS35
Dcaf11,Fam13a,Rnf24,Nckap5,Ormdl3,Ttc39b,Srrt,Usp6nl,,Apbb1,,Plp2,,FBLN5,,,KRTAP2-4,KRTAP1-5,,AC006262.4,SNRPD1,,Dstn,,Cdkn1a,DSTN,,CDKN1A,APBB1,,PLP2,,DCAF11,FAM13A,RNF24,NCKAP5,ORMDL3,TTC39B,SRRT,USP6NL
Gm6166,Fgd2,Pilra,Slc48a1,Zcchc6,Pls1,Gpn1,Ascc3,,Wnt7a,,Cers2,,FERMT2,,,KRTAP20-1,KRTAP10-1,,ALDH3B2,WDR34,,Cald1,,Ywhae,CALD1,,YWHAE,WNT7A,,CERS2,,GM6166,FGD2,PILRA,SLC48A1,ZCCHC6,PLS1,GPN1,ASCC3
Adgrf5,Hpn,Stc1,Pkp2,Psd4,Arrdc3,Atpaf2,Gtpbp4,,Psat1,,Asah1,,FHL1,,,KRTAP20-2,KRTAP10-10,,CHP2,NAP1L1,,Rpl15,,Pglyrp1,RPL15,,PGLYRP1,PSAT1,,ASAH1,,ADGRF5,HPN,STC1,PKP2,PSD4,ARRDC3,ATPAF2,GTPBP4
Ldlr,Top1,Tmem50a,Wfdc1,Gmds,Plekhb2,Mad2l1,Fdx1l,,Wnk1,,Cxcl16,,FILIP1,,,KRTAP21-1,KRTAP10-11,,VAT1,HELLS,,Rpl4,,Cd44,RPL4,,CD44,WNK1,,CXCL16,,LDLR,TOP1,TMEM50A,WFDC1,GMDS,PLEKHB2,MAD2L1,FDX1L
H2-Eb1,Ttc3,Tpd52l1,Adgrg1,Madd,Ormdl2,Nup85,Ankrd12,,H2-Q2,,Matn4,,FKBP9,,,KRTAP21-2,KRTAP10-12,,WFDC5,KIFC1,,Gas5,,Ier5,GAS5,,IER5,H2-Q2,,MATN4,,H2-EB1,TTC3,TPD52L1,ADGRG1,MADD,ORMDL2,NUP85,ANKRD12
Arl6ip1,Lce3f,Pmepa1,Map6,Hmgcs1,Il17rc,Nudt5,Map3k20,,Tef,,Nfkbia,,FLNA,,,KRTAP21-3,KRTAP10-2,,NOL3,RPL39L,,Lmo7,,Phlda1,LMO7,,PHLDA1,TEF,,NFKBIA,,ARL6IP1,LCE3F,PMEPA1,MAP6,HMGCS1,IL17RC,NUDT5,MAP3K20
H6pd,Tmem27,Spaca6,Hdac7,Syngr1,B4gat1,Orc2,Usp16,,Nrp2,,Dapk2,,FN1,,,KRTAP22-1,KRTAP10-3,,GRHL1,HNRNPA3,,Rpl13a,,Rpl12,RPL13A,,RPL12,NRP2,,DAPK2,,H6PD,TMEM27,SPACA6,HDAC7,SYNGR1,B4GAT1,ORC2,USP16
Selenop,Slc13a2,Ttyh2,Mbnl1,Dpep2,Rab3d,Dnph1,Rnf44,,Ifi35,,Laptm4a,,FOLR1,,,KRTAP23-1,KRTAP10-4,,MBOAT2,PKMYT1,,Npm1,,Tpd52l2,NPM1,,TPD52L2,IFI35,,LAPTM4A,,SELENOP,SLC13A2,TTYH2,MBNL1,DPEP2,RAB3D,DNPH1,RNF44
Azin1,Bcl2a1b,Krt20,Eps8l2,Pex5,Tmem9b,Cdc16,Rbm25,,Sema5a,,H2-D1,,FSTL3,,,KRTAP24-1,KRTAP10-5,,DLX5,ITGB3BP,,Rps2,,Psmb8,RPS2,,PSMB8,SEMA5A,,H2-D1,,AZIN1,BCL2A1B,KRT20,EPS8L2,PEX5,TMEM9B,CDC16,RBM25
Xdh,Cers6,Bnip2,Arhgef17,Ephb4,Eya2,Mrto4,Ptbp3,,P3h1,,Pgrmc1,,FZD5,,,KRTAP25-1,KRTAP10-6,,CEBPA,GMNN,,Tpd52,,Rps11,TPD52,,RPS11,P3H1,,PGRMC1,,XDH,CERS6,BNIP2,ARHGEF17,EPHB4,EYA2,MRTO4,PTBP3
Kcnj13,Nek6,Ifi211,Efna1,Atxn3,Oma1,Actl6a,Pcnp,,Mapre3,,Nbl1,,GADD45B,,,KRTAP26-1,KRTAP10-7,,ZNF750,ASF1B,,Atp6v0e,,Hmgn1,ATP6V0E,,HMGN1,MAPRE3,,NBL1,,KCNJ13,NEK6,IFI211,EFNA1,ATXN3,OMA1,ACTL6A,PCNP
Yae1d1,Kdelr2,Ltbp4,Lamb3,Srd5a3,5730559C18Rik,Anapc15,Rlim,,Nkx2-1,,Ywhah,,GALK1,,,KRTAP27-1,KRTAP10-8,,SDR9C7,ILF2,,Cdc42,,Psma6,CDC42,,PSMA6,NKX2-1,,YWHAH,,YAE1D1,KDELR2,LTBP4,LAMB3,SRD5A3,5730559C18RIK,ANAPC15,RLIM
Rprm,Las1l,Ifi204,Tfdp2,Mpzl2,Pdxdc1,Mtap,Wasf2,,Tmod1,,Sptbn1,,GALNT18,,,KRTAP29-1,KRTAP10-9,,AADACL2,PA2G4,,Tacstd2,,Fkbp1a,TACSTD2,,FKBP1A,TMOD1,,SPTBN1,,RPRM,LAS1L,IFI204,TFDP2,MPZL2,PDXDC1,MTAP,WASF2
Cmtm8,Ccdc189,9-Sep,Mal2,Mfsd14b,Dpcr1,Aldh18a1,Plaur,,Batf,,Ostf1,,GAS6,,,KRTAP3-1,KRTAP11-1,,SPTSSB,SRSF3,,Taldo1,,Laptm4a,TALDO1,,LAPTM4A,BATF,,OSTF1,,CMTM8,CCDC189,44448,MAL2,MFSD14B,DPCR1,ALDH18A1,PLAUR
Smarca2,A530020G20Rik,Itga5,Sptbn1,2010107G23Rik,Igsf5,Ctps,Lamtor3,,Crlf3,,Foxn3,,GGT1,,,KRTAP3-2,KRTAP12-1,,SLC25A25,FEN1,,Rpl17,,B2m,RPL17,,B2M,CRLF3,,FOXN3,,SMARCA2,A530020G20RIK,ITGA5,SPTBN1,2010107G23RIK,IGSF5,CTPS,LAMTOR3
Prps2,Clstn3,Cttn,Klc3,Tcta,Pea15a,Alg3,Luc7l,,Prr5l,,Rtkn2,,GGTLC1,,,KRTAP3-3,KRTAP12-2,,DNAJB2,MCM5,,Serpinb6a,,Flna,SERPINB6A,,FLNA,PRR5L,,RTKN2,,PRPS2,CLSTN3,CTTN,KLC3,TCTA,PEA15A,ALG3,LUC7L
Prrg3,Rtl1,Rasa3,Flrt3,G6pdx,Tmem2,Mdc1,Pdpk1,,BC022687,,Ywhae,,GJA1,,,KRTAP4-1,KRTAP12-3,,KRT80,HP1BP3,,Cfl2,,H2-Q7,CFL2,,H2-Q7,BC022687,,YWHAE,,PRRG3,RTL1,RASA3,FLRT3,G6PDX,TMEM2,MDC1,PDPK1
C3,Mettl26,Frmd4a,Serinc5,Zfp961,Pgap2,Hpf1,Ubxn4,,Bmp1,,Cdkn2b,,GKN2,,,KRTAP4-11,KRTAP12-4,,MYEOV2,PLK1,,Rnh1,,Mgst3,RNH1,,MGST3,BMP1,,CDKN2B,,C3,METTL26,FRMD4A,SERINC5,ZFP961,PGAP2,HPF1,UBXN4
Iah1,Ryr3,Tubb6,Cadm1,Marveld3,Pgap1,Rrm2,Ugcg,,Slc39a13,,Vapa,,GLS,,,KRTAP4-2,KRTAP13-1,,IGFL3,HADH,,Ywhah,,Pdgfa,YWHAH,,PDGFA,SLC39A13,,VAPA,,IAH1,RYR3,TUBB6,CADM1,MARVELD3,PGAP1,RRM2,UGCG
Abhd5,Msrb2,Hsd17b12,Serpinb9,Arl4a,Eml2,Lig1,Lad1,,Irx3,,Agrn,,GOLGA8A,,,KRTAP4-3,KRTAP13-2,,SRCAP,TMPO,,Rps18,,Rps27l,RPS18,,RPS27L,IRX3,,AGRN,,ABHD5,MSRB2,HSD17B12,SERPINB9,ARL4A,EML2,LIG1,LAD1
Crnde,Creb3l1,Smoc2,Osbpl5,Vopp1,Eva1c,Ppil3,Trp53inp1,,Tbc1d10a,,Hmgn1,,GPM6A,,,KRTAP4-4,KRTAP13-3,,METRNL,LSM5,,Tpm3,,Bik,TPM3,,BIK,TBC1D10A,,HMGN1,,CRNDE,CREB3L1,SMOC2,OSBPL5,VOPP1,EVA1C,PPIL3,TRP53INP1
Tnfaip1,Unc119,Plekha2,Myo1c,Dusp16,Cyfip1,Psmg2,Xrn2,,Dnm1,,Rps19,,GPRC5A,,,KRTAP4-5,KRTAP13-4,,CYP4F22,RAD51AP1,,Rps19,,Hnrnpk,RPS19,,HNRNPK,DNM1,,RPS19,,TNFAIP1,UNC119,PLEKHA2,MYO1C,DUSP16,CYFIP1,PSMG2,XRN2
Gde1,Vgll4,Arhgef40,Kifc3,Ccdc120,Rab27b,Pole4,Nras,,Stard3,,Efna1,,GPRIN2,,,KRTAP4-6,KRTAP15-1,,KRT23,TAGLN2,,Rps3,,Tmem176a,RPS3,,TMEM176A,STARD3,,EFNA1,,GDE1,VGLL4,ARHGEF40,KIFC3,CCDC120,RAB27B,POLE4,NRAS
mt-Nd1,Bpifb2,Tango2,AC154734.2,Gja3,R3hdml,Nup93,,,Sft2d1,,Phyh,,GRK5,,,KRTAP4-8,KRTAP16-1,,PPL,TPRKB,,Commd3,,Ube2d3,COMMD3,,UBE2D3,SFT2D1,,PHYH,,MT-ND1,BPIFB2,TANGO2,AC154734.2,GJA3,R3HDML,NUP93,
Myo5c,Ppm1h,Tead2,Pitpnm3,Cdadc1,Mgat5,Nop16,,,Fam195b,,Mthfd1,,H3-3B,,,KRTAP4-9,KRTAP17-1,,MOSPD3,H2AFY,,Rplp2,,Rpl15,RPLP2,,RPL15,FAM195B,,MTHFD1,,MYO5C,PPM1H,TEAD2,PITPNM3,CDADC1,MGAT5,NOP16,
Dpp9,Atp13a4,Rtn4,Gsn,Aim2,Herc2,Mrpl37,,,Mettl7a1,,Chmp5,,HACD1,,,KRTAP5-1,KRTAP19-1,,BSPRY,SCCPDH,,Tpd52l2,,Ifngr2,TPD52L2,,IFNGR2,METTL7A1,,CHMP5,,DPP9,ATP13A4,RTN4,GSN,AIM2,HERC2,MRPL37,
Aldh1a7,Klhl13,Rgs17,Shroom3,Ulk3,Ethe1,Top2a,,,Shh,,Slc25a4,,HBEGF,,,KRTAP5-10,KRTAP19-2,,LCE1C,GSTP1,,Rpl12,,Eif5b,RPL12,,EIF5B,SHH,,SLC25A4,,ALDH1A7,KLHL13,RGS17,SHROOM3,ULK3,ETHE1,TOP2A,
Cat,Arhgap24,Sned1,Wwc1,C230014O12Rik,Tgm1,Ccna2,,,Chst12,,B2m,,HCFC1R1,,,KRTAP5-11,KRTAP19-3,,BNIPL,SRSF2,,Eif2s1,,Cct3,EIF2S1,,CCT3,CHST12,,B2M,,CAT,ARHGAP24,SNED1,WWC1,C230014O12RIK,TGM1,CCNA2,
Plekhb1,Gm15401,Pitpnc1,Ssh1,Evi5,Pfkl,Ilf2,,,Limd2,,Pls3,,HEBP1,,,KRTAP5-2,KRTAP19-4,,CIDEA,IDH2,,Hspa9,,Hsp90aa1,HSPA9,,HSP90AA1,LIMD2,,PLS3,,PLEKHB1,GM15401,PITPNC1,SSH1,EVI5,PFKL,ILF2,
Lcp1,Nat8f1,Pcdh7,Nbeal1,Tanc2,Plek2,Rpf2,,,Mfsd7c,,Hcfc1r1,,HEG1,,,KRTAP5-3,KRTAP19-5,,MYH14,HNRNPA1,,,,Cct5,,,CCT5,MFSD7C,,HCFC1R1,,LCP1,NAT8F1,PCDH7,NBEAL1,TANC2,PLEK2,RPF2,
Pde4d,Pdia6,Usp22,Sdc1,Slamf9,Ide,Kif23,,,Osbpl6,,Arid5b,,HIP1,,,KRTAP5-4,KRTAP19-6,,SMAGP,CCT5,,,,Ier3,,,IER3,OSBPL6,,ARID5B,,PDE4D,PDIA6,USP22,SDC1,SLAMF9,IDE,KIF23,
Rpn2,Smpd2,Cep170,Cav1,Rgl2,Slc35f5,Abce1,,,Traf1,,Tsc22d3,,HLA-C,,,KRTAP5-5,KRTAP19-7,,HDAC5,HNRNPAB,,,,Psmd4,,,PSMD4,TRAF1,,TSC22D3,,RPN2,SMPD2,CEP170,CAV1,RGL2,SLC35F5,ABCE1,
Srebf1,Cd177,Gm28875,Sec14l1,Chdh,Dok4,Aaas,,,Gm11627,,Calm2,,HOPX,,,KRTAP5-6,KRTAP19-8,,PLLP,RAD21,,,,Rab11b,,,RAB11B,GM11627,,CALM2,,SREBF1,CD177,GM28875,SEC14L1,CHDH,DOK4,AAAS,
B2m,Rcn3,Actr1a,Rin2,Fam129a,Dgka,Nup62,,,Arhgef1,,Phlda1,,HPCAL1,,,KRTAP5-7,KRTAP2-1,,NIPAL1,GTSE1,,,,Nupr1,,,NUPR1,ARHGEF1,,PHLDA1,,B2M,RCN3,ACTR1A,RIN2,FAM129A,DGKA,NUP62,
Usp8,Rrbp1,G3bp2,Magi1,Tceanc,Mbp,Smc2,,,Ubl3,,Tjp1,,HSPB1,,,KRTAP5-8,KRTAP2-3,,TGM3,LMNB1,,,,Pabpc1,,,PABPC1,UBL3,,TJP1,,USP8,RRBP1,G3BP2,MAGI1,TCEANC,MBP,SMC2,
Gm10222,Tspan11,Rara,Nedd9,Jade3,Osmr,Mrpl35,,,Swap70,,Hspa8,,HSPB8,,,KRTAP5-9,KRTAP2-4,,SNX21,TACC3,,,,Ubb,,,UBB,SWAP70,,HSPA8,,GM10222,TSPAN11,RARA,NEDD9,JADE3,OSMR,MRPL35,
Ddx5,mt-Co3,Timp2,Zfp266,Zfp644,Gbf1,Mrpl9,,,Mtfr1l,,Eef2,,HSPG2,,,KRTAP6-1,KRTAP20-1,,ID4,UQCRC1,,,,Cct4,,,CCT4,MTFR1L,,EEF2,,DDX5,MT-CO3,TIMP2,ZFP266,ZFP644,GBF1,MRPL9,
Slc26a4,St6gal1,Egfr,,Tbc1d9b,Dopey2,Ftsj3,,,Mfhas1,,Scnn1b,,HYAL1,,,KRTAP6-2,KRTAP20-2,,GRHL3,PLP2,,,,Rpl4,,,RPL4,MFHAS1,,SCNN1B,,SLC26A4,ST6GAL1,EGFR,,TBC1D9B,DOPEY2,FTSJ3,
Ccz1,Idh1,Tnc,,Lrrc8d,Gale,Ube2c,,,Epb41l3,,Stard3,,ICAM1,,,KRTAP6-3,KRTAP21-1,,TPRG1,SNRPF,,,,Abracl,,,ABRACL,EPB41L3,,STARD3,,CCZ1,IDH1,TNC,,LRRC8D,GALE,UBE2C,
2610028H24Rik,Gm26945,Frmd8,,Parp6,Ptgfrn,Crcp,,,Pxdc1,,Osbpl9,,IGFBP7,,,KRTAP8-1,KRTAP21-2,,NUDT8,VPS29,,,,Psma3,,,PSMA3,PXDC1,,OSBPL9,,2610028H24RIK,GM26945,FRMD8,,PARP6,PTGFRN,CRCP,
Enpep,Mpdu1,Rasa1,,Wdr60,Ttc7,Ppid,,,Fgf1,,Abhd17c,,IL18,,,KRTAP9-1,KRTAP21-3,,GLRX,HNRNPDL,,,,Prdx2,,,PRDX2,FGF1,,ABHD17C,,ENPEP,MPDU1,RASA1,,WDR60,TTC7,PPID,
Szt2,Adora1,Ngf,,Asb13,Stn1,Vrk1,,,Adrb2,,Tmem59,,IL32,,,KRTAP9-2,KRTAP22-1,,ABHD17A,C19orf48,,,,Elob,,,ELOB,ADRB2,,TMEM59,,SZT2,ADORA1,NGF,,ASB13,STN1,VRK1,
Fbxo9,Rsrp1,Angptl2,,Zmynd11,Paqr4,Sf3a3,,,Rbpjl,,Dusp1,,INF2,,,KRTAP9-3,KRTAP23-1,,EVPL,LSM2,,,,Emp2,,,EMP2,RBPJL,,DUSP1,,FBXO9,RSRP1,ANGPTL2,,ZMYND11,PAQR4,SF3A3,
Agpat3,Epb41l4aos,Copg1,,Tmem82,Gm37024,Larp7,,,Prkag3,,4930523C07Rik,,INSIG2,,,KRTAP9-4,KRTAP24-1,,F3,MZT1,,,,Arl6ip5,,,ARL6IP5,PRKAG3,,4930523C07RIK,,AGPAT3,EPB41L4AOS,COPG1,,TMEM82,GM37024,LARP7,
Sdha,Ddrgk1,Cdk6,,Nudt8,Slc23a3,Hirip3,,,Radil,,AU021092,,IRF1,,,KRTAP9-6,KRTAP25-1,,HMGCR,RBBP7,,,,Sqstm1,,,SQSTM1,RADIL,,AU021092,,SDHA,DDRGK1,CDK6,,NUDT8,SLC23A3,HIRIP3,
Ccpg1,Ctsa,Fmnl3,,Fxyd2,Tjp3,Nup37,,,Lamb2,,Hspb1,,ISG20,,,KRTAP9-7,KRTAP26-1,,UBTD1,VRK1,,,,Txnl1,,,TXNL1,LAMB2,,HSPB1,,CCPG1,CTSA,FMNL3,,FXYD2,TJP3,NUP37,
Pnpla2,Npdc1,Tex261,,Mrs2,AI661453,Josd2,,,Llgl2,,Tgfb2,,ITGA3,,,KRTAP9-8,KRTAP27-1,,CLEC2A,CENPK,,,,Ddah2,,,DDAH2,LLGL2,,TGFB2,,PNPLA2,NPDC1,TEX261,,MRS2,AI661453,JOSD2,
Lifr,Ubr1,Golim4,,Golga5,Gldc,Wdr12,,,Ctdspl,,Spop,,ITLN2,,,KRTAP9-9,KRTAP29-1,,HAL,PPP1CA,,,,Psmc5,,,PSMC5,CTDSPL,,SPOP,,LIFR,UBR1,GOLIM4,,GOLGA5,GLDC,WDR12,
Fads1,Ndrg3,Spop,,Trpm4,Thpo,Mecr,,,Rsrp1,,S100a10,,ITM2B,,,LCE1A,KRTAP3-1,,MED8,EIF4EBP1,,,,Bax,,,BAX,RSRP1,,S100A10,,FADS1,NDRG3,SPOP,,TRPM4,THPO,MECR,
,Nr1h3,Smad7,,Chmp7,Tbc1d2,,,,Anxa4,,Pgap2,,ITPRIP,,,LCE1B,KRTAP3-2,,SVIP,CDC25B,,,,Sh3bgrl3,,,SH3BGRL3,ANXA4,,PGAP2,,,NR1H3,SMAD7,,CHMP7,TBC1D2,,
,Jmjd8,Gabre,,Armc10,Svip,,,,Ubc,,Hbegf,,JADE1,,,LCE1C,KRTAP3-3,,MALL,TUBB6,,,,Eif5a,,,EIF5A,UBC,,HBEGF,,,JMJD8,GABRE,,ARMC10,SVIP,,
,Dpp7,Galnt1,,Osbpl7,Trove2,,,,Gpx7,,Hpcal1,,KCNN3,,,LCE1D,KRTAP4-1,,BDH1,ANAPC11,,,,Arpc3,,,ARPC3,GPX7,,HPCAL1,,,DPP7,GALNT1,,OSBPL7,TROVE2,,
,Gstt3,Dnajc10,,Sugct,Bad,,,,Sult1a1,,Nbeal1,,KHDRBS2,,,LCE1E,KRTAP4-11,,ULK3,HSPE1,,,,Gnas,,,GNAS,SULT1A1,,NBEAL1,,,GSTT3,DNAJC10,,SUGCT,BAD,,
,Rpgrip1,Angptl4,,Srd5a1,Eml3,,,,Tmem37,,Hes1,,KIF5B,,,LCE1F,KRTAP4-2,,RP11-15I11.3,ORC6,,,,Cct6a,,,CCT6A,TMEM37,,HES1,,,RPGRIP1,ANGPTL4,,SRD5A1,EML3,,
,Yipf3,Sh3pxd2b,,Gipc2,Lima1,,,,Prdx6,,Cldn3,,KLF2,,,LCE2A,KRTAP4-3,,HSDL2,RHEB,,,,Calm2,,,CALM2,PRDX6,,CLDN3,,,YIPF3,SH3PXD2B,,GIPC2,LIMA1,,
,Pnisr,Prkar1b,,Specc1l,Pxk,,,,Hck,,Tns1,,KLF6,,,LCE2B,KRTAP4-4,,SH3GLB2,HNRNPD,,,,Prmt1,,,PRMT1,HCK,,TNS1,,,PNISR,PRKAR1B,,SPECC1L,PXK,,
,Ppp1r14d,Itgb1,,Prr36,Fut2,,,,Cyr61,,Arpc2,,KLK7,,,LCE2C,KRTAP4-5,,SLC16A10,BCL2L12,,,,Ctnna1,,,CTNNA1,CYR61,,ARPC2,,,PPP1R14D,ITGB1,,PRR36,FUT2,,
,Pld1,Jkamp,,AC121094.1,Cyb561,,,,Hopx,,H3f3a,,KRT18,,,LCE2D,KRTAP4-6,,S100P,GPSM2,,,,Spint2,,,SPINT2,HOPX,,H3F3A,,,PLD1,JKAMP,,AC121094.1,CYB561,,
,Zbtb20,Mkln1,,Tmem62,Sytl2,,,,Cav1,,Col4a5,,KRT19,,,LCE3A,KRTAP4-8,,LMO7,EZH2,,,,Set,,,SET,CAV1,,COL4A5,,,ZBTB20,MKLN1,,TMEM62,SYTL2,,
,Mocs1,Styk1,,Jarid2,Hbb-bt,,,,Gprc5a,,Rasl11a,,KRT7,,,LCE3B,KRTAP4-9,,GPT,MXD3,,,,Tgfbi,,,TGFBI,GPRC5A,,RASL11A,,,MOCS1,STYK1,,JARID2,HBB-BT,,
,Gm26870,Glg1,,Lrrc61,Fam213a,,,,Scnn1g,,Myo1c,,KRT8,,,LCE3C,KRTAP5-1,,NSG1,MND1,,,,Psmb2,,,PSMB2,SCNN1G,,MYO1C,,,GM26870,GLG1,,LRRC61,FAM213A,,
,Slc12a2,Map4,,Cdk18,Pak4,,,,2210011C24Rik,,Traf1,,LAMA3,,,LCE3D,KRTAP5-10,,PERP,GSTO1,,,,Colgalt1,,,COLGALT1,2210011C24RIK,,TRAF1,,,SLC12A2,MAP4,,CDK18,PAK4,,
,Ugp2,Fam19a5,,1110012L19Rik,Ttll7,,,,Tppp3,,Id1,,LAMB3,,,LCE3E,KRTAP5-11,,ANKRD22,H3F3A,,,,H2-Q4,,,H2-Q4,TPPP3,,ID1,,,UGP2,FAM19A5,,1110012L19RIK,TTLL7,,
,,Nbr1,,Nqo2,Fam45a,,,,Cldn18,,Tprgl,,LAMC1,,,LCE4A,KRTAP5-2,,PDLIM2,YBX1,,,,Rbpms,,,RBPMS,CLDN18,,TPRGL,,,,NBR1,,NQO2,FAM45A,,
,,Ccs,,Myo6,Kiss1r,,,,Pmp22,,Eps8l2,,LAMC2,,,LCE5A,KRTAP5-3,,C14orf1,CFL1,,,,Tsg101,,,TSG101,PMP22,,EPS8L2,,,,CCS,,MYO6,KISS1R,,
,,Sdf4,,Cln5,Lgals4,,,,Fbln5,,2310007B03Rik,,LAPTM4A,,,LCE6A,KRTAP5-4,,CYCS,CACYBP,,,,Rpsa,,,RPSA,FBLN5,,2310007B03RIK,,,,SDF4,,CLN5,LGALS4,,
,,Ptprs,,Ikbkg,Trim8,,,,Aqp5,,Btf3,,LGALS3,,,LIPK,KRTAP5-5,,MAPKAPK3,HMGN1,,,,Psma7,,,PSMA7,AQP5,,BTF3,,,,PTPRS,,IKBKG,TRIM8,,
,,Gnai2,,Raf1,Zfp53,,,,Ier3,,Lamb3,,LIMCH1,,,LIPM,KRTAP5-6,,CST6,HNRNPF,,,,Cnih4,,,CNIH4,IER3,,LAMB3,,,,GNAI2,,RAF1,ZFP53,,
,,Aqp3,,Herc4,Slc5a5,,,,Scd2,,Tln1,,LIMS2,,,LIPN,KRTAP5-7,,CA2,RPA2,,,,Ahsa1,,,AHSA1,SCD2,,TLN1,,,,AQP3,,HERC4,SLC5A5,,
,,7-Sep,,,Hsd17b11,,,,Esam,,Cnn2,,LMO7,,,LORICRIN,KRTAP5-8,,CRB3,TMEM14A,,,,Ybx1,,,YBX1,ESAM,,CNN2,,,,44446,,,HSD17B11,,
,,,,,Pitpnm1,,,,Scnn1b,,Cdc42,,LMTK2,,,PCSK6,KRTAP5-9,,TIMM8B,NME1,,,,Pls3,,,PLS3,SCNN1B,,CDC42,,,,,,,PITPNM1,,
,,,,,Bcr,,,,Thbs3,,Stx7,,LPCAT3,,,PERP,KRTAP6-1,,HEBP2,HSPB11,,,,Gng5,,,GNG5,THBS3,,STX7,,,,,,,BCR,,
,,,,,Capn5,,,,Mmp11,,Apbb1,,LRRN4,,,PI3,KRTAP6-2,,VAMP8,PSME2,,,,Rhoc,,,RHOC,MMP11,,APBB1,,,,,,,CAPN5,,
,,,,,Smim7,,,,Lrpap1,,Ywhaq,,MALAT1,,,PKP1,KRTAP6-3,,EIF6,CKLF,,,,Ccnd1,,,CCND1,LRPAP1,,YWHAQ,,,,,,,SMIM7,,
,,,,,Stat6,,,,Wdr45,,Mprip,,MAP2,,,PKP2,KRTAP8-1,,ARPC5L,PTGES3,,,,Arpc2,,,ARPC2,WDR45,,MPRIP,,,,,,,STAT6,,
,,,,,Pkp3,,,,Sema3a,,Btg2,,MAP7D1,,,PKP3,KRTAP9-1,,LGALS7,RFC2,,,,Tpm3,,,TPM3,SEMA3A,,BTG2,,,,,,,PKP3,,
,,,,,Tor4a,,,,Ifi27,,Txnip,,MATN3,,,PKP4,KRTAP9-2,,EPHB6,CLSPN,,,,F11r,,,F11R,IFI27,,TXNIP,,,,,,,TOR4A,,
,,,,,Gm20400,,,,Il18r1,,Adrb2,,MGAT3,,,PPHLN1,KRTAP9-3,,SERPINB5,NPM1,,,,Chic2,,,CHIC2,IL18R1,,ADRB2,,,,,,,GM20400,,
,,,,,Slc22a18,,,,Flrt3,,Col4a2,,MGLL,,,PPL,KRTAP9-4,,NEDD8,PPIH,,,,Trim47,,,TRIM47,FLRT3,,COL4A2,,,,,,,SLC22A18,,
,,,,,,,,,Rnase4,,Nedd9,,MS4A15,,,PRSS8,KRTAP9-6,,SH3BGRL3,CBR3,,,,Klf5,,,KLF5,RNASE4,,NEDD9,,,,,,,,,
,,,,,,,,,Gja1,,Akap13,,MSLN,,,RPTN,KRTAP9-7,,GIPC1,USP1,,,,Capns1,,,CAPNS1,GJA1,,AKAP13,,,,,,,,,
,,,,,,,,,Ctsl,,Mrpl14,,MT1E,,,SFN,KRTAP9-8,,CMTM6,ACAT2,,,,Glipr2,,,GLIPR2,CTSL,,MRPL14,,,,,,,,,
,,,,,,,,,Laptm4a,,Manbal,,MT1X,,,SHARPIN,KRTAP9-9,,GGCT,KIF23,,,,Prkar1a,,,PRKAR1A,LAPTM4A,,MANBAL,,,,,,,,,
,,,,,,,,,Dapk2,,Id2,,MT2A,,,SPINK5,LATS1,,H2AFJ,ATP5G3,,,,Wdr1,,,WDR1,DAPK2,,ID2,,,,,,,,,
,,,,,,,,,Cav2,,Lamp1,,MVB12B,,,SPINK6,LCE1A,,SDCBP2,TUBG1,,,,Tspan8,,,TSPAN8,CAV2,,LAMP1,,,,,,,,,
,,,,,,,,,Qk,,Limd2,,MYADM,,,SPINK9,LCE1B,,FAM83C,BANF1,,,,Rpl13,,,RPL13,QK,,LIMD2,,,,,,,,,
,,,,,,,,,Ptpre,,Ucp2,,MYL12A,,,SPRR1A,LCE1C,,DUSP2,SSRP1,,,,Hmgb1,,,HMGB1,PTPRE,,UCP2,,,,,,,,,
,,,,,,,,,Tspan15,,Tmem160,,MYL12B,,,SPRR1B,LCE1D,,EGR3,SNRPA1,,,,Cald1,,,CALD1,TSPAN15,,TMEM160,,,,,,,,,
,,,,,,,,,Pgrmc1,,Bcap31,,MYL6,,,SPRR2A,LCE1E,,TOLLIP,SUMO2,,,,Hes1,,,HES1,PGRMC1,,BCAP31,,,,,,,,,
,,,,,,,,,2310007B03Rik,,Ifngr2,,MYL9,,,SPRR2B,LCE1F,,C9orf16,CENPE,,,,Snrpd1,,,SNRPD1,2310007B03RIK,,IFNGR2,,,,,,,,,
,,,,,,,,,Ndst1,,Rps8,,MYO1B,,,SPRR2D,LCE2A,,SCCPDH,ETFB,,,,Tmem123,,,TMEM123,NDST1,,RPS8,,,,,,,,,
,,,,,,,,,Pdlim2,,Eif1,,MYO1C,,,SPRR2E,LCE2B,,RALBP1,EBP,,,,Mt2,,,MT2,PDLIM2,,EIF1,,,,,,,,,
,,,,,,,,,Nav2,,Tpm3,,MYRF,,,SPRR2F,LCE2C,,RHOV,RACGAP1,,,,Cmpk1,,,CMPK1,NAV2,,TPM3,,,,,,,,,
,,,,,,,,,Nrp1,,Gde1,,N4BP1,,,SPRR2G,LCE2D,,KLC3,AKR1B10,,,,Lsr,,,LSR,NRP1,,GDE1,,,,,,,,,
,,,,,,,,,Yif1b,,Hspg2,,NBEAL2,,,SPRR3,LCE3A,,PKP1,CDCA7,,,,Sri,,,SRI,YIF1B,,HSPG2,,,,,,,,,
,,,,,,,,,Irx2,,Anxa4,,NCKAP5,,,SPRR4,LCE3B,,SH3GL1,CDCA5,,,,Phb2,,,PHB2,IRX2,,ANXA4,,,,,,,,,
,,,,,,,,,Krt7,,Elob,,NDNF,,,ST14,LCE3C,,NDRG2,LDHB,,,,Hspa1a,,,HSPA1A,KRT7,,ELOB,,,,,,,,,
,,,,,,,,,Fstl3,,Zfp36l1,,NDST1,,,TCHH,LCE3D,,TSTD1,LIG1,,,,G3bp1,,,G3BP1,FSTL3,,ZFP36L1,,,,,,,,,
,,,,,,,,,S100a14,,Tagln2,,NEAT1,,,TGM1,LCE3E,,S100A16,POLE3,,,,Psmc6,,,PSMC6,S100A14,,TAGLN2,,,,,,,,,
,,,,,,,,,Htra1,,Wwp1,,NEDD4L,,,TGM3,LCE4A,,HIGD1A,LRR1,,,,Btg1,,,BTG1,HTRA1,,WWP1,,,,,,,,,
,,,,,,,,,Creb3,,Rab25,,NEDD9,,,TGM5,LCE5A,,CHMP4B,FAM111B,,,,Eloc,,,ELOC,CREB3,,RAB25,,,,,,,,,
,,,,,,,,,Tmem59,,Tuba1a,,NEXN,,,TMEM79,LCE6A,,C6orf1,COX8A,,,,Cacybp,,,CACYBP,TMEM59,,TUBA1A,,,,,,,,,
,,,,,,,,,Ccnd3,,Vamp8,,NGF,,,,LIPK,,HSD17B10,SAE1,,,,Cox5a,,,COX5A,CCND3,,VAMP8,,,,,,,,,
,,,,,,,,,Adam9,,Rab2a,,NHSL1,,,,LIPM,,SPRR2E,GGH,,,,Mvp,,,MVP,ADAM9,,RAB2A,,,,,,,,,
,,,,,,,,,Pdgfb,,Rassf7,,NTM,,,,LIPN,,C6orf132,DEPDC1,,,,Klf6,,,KLF6,PDGFB,,RASSF7,,,,,,,,,
,,,,,,,,,Ubb,,Rin2,,NXN,,,,LORICRIN,,GID8,SMC3,,,,Bcl10,,,BCL10,UBB,,RIN2,,,,,,,,,
,,,,,,,,,Nrbp2,,Sfta3-ps,,OPN3,,,,MACROH2A1,,MCUR1,CDCA8,,,,H3f3b,,,H3F3B,NRBP2,,SFTA3-PS,,,,,,,,,
,,,,,,,,,Smpdl3a,,Cfl1,,OSGIN1,,,,MACROH2A2,,COX7B,BOLA3,,,,Pgrmc1,,,PGRMC1,SMPDL3A,,CFL1,,,,,,,,,
,,,,,,,,,Ssr2,,Pfn1,,OSGIN2,,,,MAP2K1,,SRPK1,CKAP2L,,,,Psme2,,,PSME2,SSR2,,PFN1,,,,,,,,,
,,,,,,,,,Tmem140,,Isg15,,OTUD1,,,,MED1,,DEFB1,SGOL2,,,,Tuba1b,,,TUBA1B,TMEM140,,ISG15,,,,,,,,,
,,,,,,,,,Plscr2,,Mtfr1l,,P3H2,,,,MIR125B1,,DAPL1,NDC80,,,,Ranbp1,,,RANBP1,PLSCR2,,MTFR1L,,,,,,,,,
,,,,,,,,,Amhr2,,Bst2,,P4HA2,,,,NCOA3,,MRPL14,PAICS,,,,Snrpg,,,SNRPG,AMHR2,,BST2,,,,,,,,,
,,,,,,,,,Tmem108,,AA986860,,PAPSS2,,,,NME2,,LAD1,CMSS1,,,,Rps16,,,RPS16,TMEM108,,AA986860,,,,,,,,,
,,,,,,,,,S100a13,,Ddr1,,PARD6B,,,,NOTCH1,,NUPR1,COX5A,,,,Eif3h,,,EIF3H,S100A13,,DDR1,,,,,,,,,
,,,,,,,,,S1pr2,,Itga3,,PARP14,,,,NUMA1,,GJB5,MELK,,,,Txndc9,,,TXNDC9,S1PR2,,ITGA3,,,,,,,,,
,,,,,,,,,AU021092,,Retreg1,,PAX8-AS1,,,,OPN3,,CCL27,COMMD4,,,,Serpinb6b,,,SERPINB6B,AU021092,,RETREG1,,,,,,,,,
,,,,,,,,,4930523C07Rik,,Arf1,,PCYOX1,,,,OVOL2,,STAP2,CENPM,,,,Lamb3,,,LAMB3,4930523C07RIK,,ARF1,,,,,,,,,
,,,,,,,,,Myh14,,1110008F13Rik,,PDGFA,,,,PALLD,,UBL5,PFN1,,,,Hsd11b2,,,HSD11B2,MYH14,,1110008F13RIK,,,,,,,,,
,,,,,,,,,Ostf1,,Ocln,,PDLIM2,,,,PCSK6,,TMEM134,MIS18A,,,,Sat1,,,SAT1,OSTF1,,OCLN,,,,,,,,,
,,,,,,,,,Nt5e,,Akr1c14,,PDLIM3,,,,PERP,,WIBG,RFC4,,,,Ctsh,,,CTSH,NT5E,,AKR1C14,,,,,,,,,
,,,,,,,,,Ptprm,,Pkm,,PDPN,,,,PI3,,GLO1,DCTPP1,,,,Gsn,,,GSN,PTPRM,,PKM,,,,,,,,,
,,,,,,,,,Efemp2,,Tmod3,,PDZD2,,,,PIP5K1A,,DRAP1,RAD51C,,,,Tgif1,,,TGIF1,EFEMP2,,TMOD3,,,,,,,,,
,,,,,,,,,Tubb4b,,Col4a1,,PEAK1,,,,PKP1,,NDUFB2,YEATS4,,,,Srpk1,,,SRPK1,TUBB4B,,COL4A1,,,,,,,,,
,,,,,,,,,Svil,,Lims1,,PEBP4,,,,PKP2,,RNH1,BCL7C,,,,Gapdh,,,GAPDH,SVIL,,LIMS1,,,,,,,,,
,,,,,,,,,Smarcd3,,Itgb1,,PFKFB3,,,,PKP3,,MAPK13,CDT1,,,,Tbrg1,,,TBRG1,SMARCD3,,ITGB1,,,,,,,,,
,,,,,,,,,Rnd1,,Rasgef1a,,PGM1,,,,PKP4,,TMED3,TPGS2,,,,Nbl1,,,NBL1,RND1,,RASGEF1A,,,,,,,,,
,,,,,,,,,Trim16,,Scx,,PHLDB2,,,,PLAAT4,,COX16,NCAPH2,,,,Shisa4,,,SHISA4,TRIM16,,SCX,,,,,,,,,
,,,,,,,,,Tspan8,,Serinc5,,PIEZO1,,,,POU3F1,,TMEM154,EXOSC8,,,,Cdc37,,,CDC37,TSPAN8,,SERINC5,,,,,,,,,
,,,,,,,,,Nkd1,,Ddx47,,PKDCC,,,,PPHLN1,,NMU,VKORC1,,,,Akap5,,,AKAP5,NKD1,,DDX47,,,,,,,,,
,,,,,,,,,H2-Q4,,Rpl10a,,PLAC8,,,,PPL,,NRARP,NEK2,,,,Cnn2,,,CNN2,H2-Q4,,RPL10A,,,,,,,,,
,,,,,,,,,Sgce,,Dusp14,,PLCE1,,,,PRKCH,,NDEL1,HINT2,,,,Vdac3,,,VDAC3,SGCE,,DUSP14,,,,,,,,,
,,,,,,,,,Prep,,Slco3a1,,PLEKHA1,,,,PRSS8,,ELF3,NCL,,,,H3f3a,,,H3F3A,PREP,,SLCO3A1,,,,,,,,,
,,,,,,,,,Slc3a2,,Anapc11,,PLEKHO1,,,,RBPJ,,NEAT1,PSMG1,,,,Sdc1,,,SDC1,SLC3A2,,ANAPC11,,,,,,,,,
,,,,,,,,,Nipa1,,Tpp1,,PLLP,,,,REG3A,,ATP6V0B,CDK4,,,,Chmp2b,,,CHMP2B,NIPA1,,TPP1,,,,,,,,,
,,,,,,,,,Chpt1,,Capn2,,PLS3,,,,REG3G,,MPST,LSMD1,,,,Ifi27,,,IFI27,CHPT1,,CAPN2,,,,,,,,,
,,,,,,,,,Mal2,,Pde7a,,PMP22,,,,ROCK1,,PALMD,TSEN34,,,,Kcnk1,,,KCNK1,MAL2,,PDE7A,,,,,,,,,
,,,,,,,,,Pkp2,,Rab14,,PNPLA2,,,,ROCK2,,PLIN3,HNRNPR,,,,Ppic,,,PPIC,PKP2,,RAB14,,,,,,,,,
,,,,,,,,,Smco4,,Thbs3,,POLR2L,,,,RPTN,,OVOL1,HSPD1,,,,Prr13,,,PRR13,SMCO4,,THBS3,,,,,,,,,
,,,,,,,,,Stx11,,Sfn,,PON2,,,,RUNX1,,TUBA1C,TIMM10,,,,Cryab,,,CRYAB,STX11,,SFN,,,,,,,,,
,,,,,,,,,Sptlc2,,Tubb5,,PPFIBP1,,,,S100A7,,TMEM147,ERH,,,,Atp6v0e,,,ATP6V0E,SPTLC2,,TUBB5,,,,,,,,,
,,,,,,,,,Ago4,,Ubb,,PPP1R15A,,,,SAV1,,CSNK2B,ATPIF1,,,,Il4i1,,,IL4I1,AGO4,,UBB,,,,,,,,,
,,,,,,,,,Fam53b,,Shroom3,,PRDX1,,,,SCEL,,NOP10,YWHAQ,,,,Plpp2,,,PLPP2,FAM53B,,SHROOM3,,,,,,,,,
,,,,,,,,,Csf1r,,Grn,,PRKCZ,,,,SERPINB13,,PKP3,AP2S1,,,,Krtap17-1,,,KRTAP17-1,CSF1R,,GRN,,,,,,,,,
,,,,,,,,,Prmt2,,Tnfrsf12a,,PROS1,,,,SFN,,TUBB4B,TOMM40,,,,Rsu1,,,RSU1,PRMT2,,TNFRSF12A,,,,,,,,,
,,,,,,,,,Fzd1,,Cd59a,,PRR5L,,,,SGPP1,,MIDN,SRSF7,,,,Dnaja1,,,DNAJA1,FZD1,,CD59A,,,,,,,,,
,,,,,,,,,Epb41l5,,Rac1,,PRSS8,,,,SHARPIN,,KLK10,PHPT1,,,,Rps5,,,RPS5,EPB41L5,,RAC1,,,,,,,,,
,,,,,,,,,Arxes1,,Dctn2,,PTGS2,,,,SPINK5,,RAB10,FBL,,,,Rpl10a,,,RPL10A,ARXES1,,DCTN2,,,,,,,,,
,,,,,,,,,Smpd1,,Tmbim6,,PTPN1,,,,SPINK6,,LY6D,IMPDH2,,,,Calr,,,CALR,SMPD1,,TMBIM6,,,,,,,,,
,,,,,,,,,Itga9,,Prdx5,,PTPN21,,,,SPINK9,,AHNAK,PSMC3,,,,Eif6,,,EIF6,ITGA9,,PRDX5,,,,,,,,,
,,,,,,,,,Krtap17-1,,Ndst1,,PTPRE,,,,SPRR1A,,SLC39A6,PKM,,,,Acot9,,,ACOT9,KRTAP17-1,,NDST1,,,,,,,,,
,,,,,,,,,Cdkl5,,Csrp1,,RAB11FIP1,,,,SPRR1B,,NOTCH2NL,HSP90AA1,,,,Srsf2,,,SRSF2,CDKL5,,CSRP1,,,,,,,,,
,,,,,,,,,Txndc15,,Mfge8,,RAB31,,,,SPRR2A,,LGALS3,PGAM1,,,,Erh,,,ERH,TXNDC15,,MFGE8,,,,,,,,,
,,,,,,,,,Copz2,,Neat1,,RAB32,,,,SPRR2B,,TMEM141,TXN,,,,Vdac2,,,VDAC2,COPZ2,,NEAT1,,,,,,,,,
,,,,,,,,,Nedd9,,Fos,,RANBP17,,,,SPRR2D,,TMEM256,ATP5G1,,,,Tmem37,,,TMEM37,NEDD9,,FOS,,,,,,,,,
,,,,,,,,,Tekt5,,Hck,,RASAL2,,,,SPRR2E,,AVPI1,TPPP3,,,,Bola2,,,BOLA2,TEKT5,,HCK,,,,,,,,,
,,,,,,,,,Gamt,,Ifi27,,RASSF8,,,,SPRR2F,,CD55,TNFRSF12A,,,,Morf4l2,,,MORF4L2,GAMT,,IFI27,,,,,,,,,
,,,,,,,,,Ginm1,,Phldb2,,RBP1,,,,SPRR2G,,TRIM29,ALDH3A1,,,,Psmc3,,,PSMC3,GINM1,,PHLDB2,,,,,,,,,
,,,,,,,,,Rap1b,,Tead1,,RDX,,,,SPRR3,,CNIH4,HIST1H2BK,,,,Rps4x,,,RPS4X,RAP1B,,TEAD1,,,,,,,,,
,,,,,,,,,Flot1,,H2-K1,,RGCC,,,,SPRR4,,ITM2B,PTMS,,,,St14,,,ST14,FLOT1,,H2-K1,,,,,,,,,
,,,,,,,,,B4gat1,,Ap2m1,,RHOF,,,,SRSF6,,RER1,,,,,Serpinb6a,,,SERPINB6A,B4GAT1,,AP2M1,,,,,,,,,
,,,,,,,,,Gpx8,,Ctsl,,RIN2,,,,ST14,,PRDX2,,,,,Jun,,,JUN,GPX8,,CTSL,,,,,,,,,
,,,,,,,,,Zdhhc14,,Gnas,,RIPK2,,,,STK4,,GNB2,,,,,Hmgn3,,,HMGN3,ZDHHC14,,GNAS,,,,,,,,,
,,,,,,,,,Slc15a2,,Commd2,,RNASE1,,,,TCHH,,FDPS,,,,,Snrpb,,,SNRPB,SLC15A2,,COMMD2,,,,,,,,,
,,,,,,,,,Tonsl,,Fam104a,,RNF128,,,,TGM1,,PSMB6,,,,,Tapbp,,,TAPBP,TONSL,,FAM104A,,,,,,,,,
,,,,,,,,,Ino80e,,Gata6,,RNF213,,,,TGM3,,ERP29,,,,,Mcam,,,MCAM,INO80E,,GATA6,,,,,,,,,
,,,,,,,,,Abhd17c,,Pabpc1,,ROR1,,,,TGM5,,ALDH2,,,,,Arpc5,,,ARPC5,ABHD17C,,PABPC1,,,,,,,,,
,,,,,,,,,Dnajc3,,Paip2,,RRAS,,,,TMEM79,,CEBPB,,,,,Rheb,,,RHEB,DNAJC3,,PAIP2,,,,,,,,,
,,,,,,,,,Tex15,,Htra1,,RTKN2,,,,TP63,,ZFP36L1,,,,,Asah1,,,ASAH1,TEX15,,HTRA1,,,,,,,,,
,,,,,,,,,Sptan1,,Pcolce,,S100A10,,,,TRIM16,,LDLR,,,,,Comt,,,COMT,SPTAN1,,PCOLCE,,,,,,,,,
,,,,,,,,,Selk,,Ctps,,S100A4,,,,TSG101,,DSP,,,,,Snrpf,,,SNRPF,SELK,,CTPS,,,,,,,,,
,,,,,,,,,2610001J05Rik,,Bcl10,,SAMD4A,,,,TXNIP,,SFN,,,,,Rpl24,,,RPL24,2610001J05RIK,,BCL10,,,,,,,,,
,,,,,,,,,Ccdc92,,Tpm2,,SBDS,,,,UGCG,,ODC1,,,,,Ctsl,,,CTSL,CCDC92,,TPM2,,,,,,,,,
,,,,,,,,,Ift43,,Elovl5,,SBSPON,,,,VDR,,CTSD,,,,,Psmb1,,,PSMB1,IFT43,,ELOVL5,,,,,,,,,
,,,,,,,,,Pdia6,,Atp6v0e,,SCD5,,,,WNT16,,FGFBP1,,,,,Rpl39,,,RPL39,PDIA6,,ATP6V0E,,,,,,,,,
,,,,,,,,,Hmox2,,Shisa5,,SCEL,,,,WNT5A,,DEGS1,,,,,A230065H16Rik,,,A230065H16RIK,HMOX2,,SHISA5,,,,,,,,,
,,,,,,,,,Slc31a2,,Eif3e,,SCNN1B,,,,YAP1,,HOPX,,,,,Rpl32,,,RPL32,SLC31A2,,EIF3E,,,,,,,,,
,,,,,,,,,Tm2d2,,Ergic3,,SDC1,,,,ZBED2,,PMAIP1,,,,,Zfand5,,,ZFAND5,TM2D2,,ERGIC3,,,,,,,,,
,,,,,,,,,Ppib,,Rasl11b,,SDCBP,,,,ZFP36,,TNFAIP3,,,,,Ppa1,,,PPA1,PPIB,,RASL11B,,,,,,,,,
,,,,,,,,,Rsu1,,Slc39a4,,SEMA3B,,,,ZFP36L1,,PPP1R15A,,,,,Naa20,,,NAA20,RSU1,,SLC39A4,,,,,,,,,
,,,,,,,,,Prss8,,Arpc5,,SEMA3E,,,,,,SERPINB2,,,,,Bcap31,,,BCAP31,PRSS8,,ARPC5,,,,,,,,,
,,,,,,,,,Emc7,,Adipor1,,SEMA5A,,,,,,S100A7,,,,,Nfkb2,,,NFKB2,EMC7,,ADIPOR1,,,,,,,,,
,,,,,,,,,Tuba8,,Svil,,SEMA6D,,,,,,,,,,,Pdgfb,,,PDGFB,TUBA8,,SVIL,,,,,,,,,
,,,,,,,,,Fgfbp1,,Prelid1,,SERINC5,,,,,,,,,,,Ly6d,,,LY6D,FGFBP1,,PRELID1,,,,,,,,,
,,,,,,,,,Dusp7,,Serpinb6a,,SFN,,,,,,,,,,,Plp2,,,PLP2,DUSP7,,SERPINB6A,,,,,,,,,
,,,,,,,,,Acaa1a,,Ptms,,SFTA1P,,,,,,,,,,,Glrx3,,,GLRX3,ACAA1A,,PTMS,,,,,,,,,
,,,,,,,,,Poc1a,,Rap1a,,SGCE,,,,,,,,,,,Vasp,,,VASP,POC1A,,RAP1A,,,,,,,,,
,,,,,,,,,Sar1b,,S100a13,,SH2D4A,,,,,,,,,,,Ezr,,,EZR,SAR1B,,S100A13,,,,,,,,,
,,,,,,,,,Pgc,,Atxn10,,SLC1A1,,,,,,,,,,,Aimp1,,,AIMP1,PGC,,ATXN10,,,,,,,,,
,,,,,,,,,Slc39a7,,Scd2,,SLC2A3,,,,,,,,,,,Ncl,,,NCL,SLC39A7,,SCD2,,,,,,,,,
,,,,,,,,,Plxna1,,Ccnd3,,SLC39A13,,,,,,,,,,,Tmed2,,,TMED2,PLXNA1,,CCND3,,,,,,,,,
,,,,,,,,,1110008F13Rik,,Dynll1,,SLC39A8,,,,,,,,,,,Frg1,,,FRG1,1110008F13RIK,,DYNLL1,,,,,,,,,
,,,,,,,,,Sec13,,Fhl1,,SLC40A1,,,,,,,,,,,Rps7,,,RPS7,SEC13,,FHL1,,,,,,,,,
,,,,,,,,,Mageh1,,Calm1,,SLC6A4,,,,,,,,,,,Snrpe,,,SNRPE,MAGEH1,,CALM1,,,,,,,,,
,,,,,,,,,Atxn1,,Pcbp2,,SLC7A6,,,,,,,,,,,Rtraf,,,RTRAF,ATXN1,,PCBP2,,,,,,,,,
,,,,,,,,,Puf60,,Ptpre,,SLC7A7,,,,,,,,,,,Ssb,,,SSB,PUF60,,PTPRE,,,,,,,,,
,,,,,,,,,Swt1,,Eif3h,,SMAD7,,,,,,,,,,,Edn1,,,EDN1,SWT1,,EIF3H,,,,,,,,,
,,,,,,,,,Cux1,,Rsrp1,,SNAP23,,,,,,,,,,,Phlda3,,,PHLDA3,CUX1,,RSRP1,,,,,,,,,
,,,,,,,,,Mpp1,,Clip4,,SNX21,,,,,,,,,,,Rps18,,,RPS18,MPP1,,CLIP4,,,,,,,,,
,,,,,,,,,Abhd12,,Ano1,,SNX22,,,,,,,,,,,Pdia3,,,PDIA3,ABHD12,,ANO1,,,,,,,,,
,,,,,,,,,Zfp462,,Laptm4b,,SPARC,,,,,,,,,,,Ilk,,,ILK,ZFP462,,LAPTM4B,,,,,,,,,
,,,,,,,,,Zfp579,,Spint2,,SPINT1,,,,,,,,,,,Rack1,,,RACK1,ZFP579,,SPINT2,,,,,,,,,
,,,,,,,,,Eva1a,,Crb3,,SPINT2,,,,,,,,,,,Rpl3,,,RPL3,EVA1A,,CRB3,,,,,,,,,
,,,,,,,,,Trim3,,Prr13,,SPOCK2,,,,,,,,,,,Hspa9,,,HSPA9,TRIM3,,PRR13,,,,,,,,,
,,,,,,,,,P3h2,,Adam9,,SPRING1,,,,,,,,,,,Rps17,,,RPS17,P3H2,,ADAM9,,,,,,,,,
,,,,,,,,,Rilpl1,,Rtn4,,SPRYD7,,,,,,,,,,,Cldn3,,,CLDN3,RILPL1,,RTN4,,,,,,,,,
,,,,,,,,,Fntb,,Tmem140,,SPTAN1,,,,,,,,,,,Grn,,,GRN,FNTB,,TMEM140,,,,,,,,,
,,,,,,,,,Ube2s,,Map1lc3b,,SPTBN1,,,,,,,,,,,Hnrnpm,,,HNRNPM,UBE2S,,MAP1LC3B,,,,,,,,,
,,,,,,,,,Tmed7,,Jup,,SRGAP2B,,,,,,,,,,,Dnpep,,,DNPEP,TMED7,,JUP,,,,,,,,,
,,,,,,,,,Fam234a,,Dhrs3,,SSR2,,,,,,,,,,,Hnrnpc,,,HNRNPC,FAM234A,,DHRS3,,,,,,,,,
,,,,,,,,,Fdps,,Zdhhc20,,ST3GAL4,,,,,,,,,,,Psmc2,,,PSMC2,FDPS,,ZDHHC20,,,,,,,,,
,,,,,,,,,Igfbp2,,Alcam,,ST6GALNAC5,,,,,,,,,,,Btf3,,,BTF3,IGFBP2,,ALCAM,,,,,,,,,
,,,,,,,,,Spock2,,Kif5b,,STX11,,,,,,,,,,,Actr3,,,ACTR3,SPOCK2,,KIF5B,,,,,,,,,
,,,,,,,,,Clic5,,Lamc2,,STX12,,,,,,,,,,,Ube2n,,,UBE2N,CLIC5,,LAMC2,,,,,,,,,
,,,,,,,,,Myl12a,,Rpl24,,STX3,,,,,,,,,,,Uba52,,,UBA52,MYL12A,,RPL24,,,,,,,,,
,,,,,,,,,Fam174b,,Aamp,,SULT1A1,,,,,,,,,,,Rdh10,,,RDH10,FAM174B,,AAMP,,,,,,,,,
,,,,,,,,,Fermt2,,Rab6a,,SULT1A2,,,,,,,,,,,Bbip1,,,BBIP1,FERMT2,,RAB6A,,,,,,,,,
,,,,,,,,,Scnn1a,,App,,SULT2B1,,,,,,,,,,,Slc25a4,,,SLC25A4,SCNN1A,,APP,,,,,,,,,
,,,,,,,,,Rabac1,,Orai1,,SUSD2,,,,,,,,,,,Cdkn2b,,,CDKN2B,RABAC1,,ORAI1,,,,,,,,,
,,,,,,,,,Chchd10,,Arfgef3,,SYNGR2,,,,,,,,,,,Pcbp1,,,PCBP1,CHCHD10,,ARFGEF3,,,,,,,,,
,,,,,,,,,Capn2,,Acaa2,,TACC1,,,,,,,,,,,Atox1,,,ATOX1,CAPN2,,ACAA2,,,,,,,,,
,,,,,,,,,Plp2,,Wwtr1,,TACSTD2,,,,,,,,,,,Pa2g4,,,PA2G4,PLP2,,WWTR1,,,,,,,,,
,,,,,,,,,Prdx5,,Bnip3l,,TAGLN,,,,,,,,,,,Cd63,,,CD63,PRDX5,,BNIP3L,,,,,,,,,
,,,,,,,,,Arhgap22,,Tapbp,,TBC1D2,,,,,,,,,,,Sem1,,,SEM1,ARHGAP22,,TAPBP,,,,,,,,,
,,,,,,,,,Rap1a,,Calcoco1,,TES,,,,,,,,,,,Shisa5,,,SHISA5,RAP1A,,CALCOCO1,,,,,,,,,
,,,,,,,,,Itpkb,,Tmem9b,,TGFBR2,,,,,,,,,,,Eef1g,,,EEF1G,ITPKB,,TMEM9B,,,,,,,,,
,,,,,,,,,Isg15,,Cldn7,,TIMP2,,,,,,,,,,,Tes,,,TES,ISG15,,CLDN7,,,,,,,,,
,,,,,,,,,Stx7,,Sptan1,,TIMP3,,,,,,,,,,,Elavl1,,,ELAVL1,STX7,,SPTAN1,,,,,,,,,
,,,,,,,,,Ccdc107,,Pdcd10,,TM4SF1,,,,,,,,,,,Psap,,,PSAP,CCDC107,,PDCD10,,,,,,,,,
,,,,,,,,,Arl6ip1,,Arf3,,TMEM109,,,,,,,,,,,Rpl23,,,RPL23,ARL6IP1,,ARF3,,,,,,,,,
,,,,,,,,,Tgfb1i1,,Arhgef2,,TMEM139,,,,,,,,,,,Rps26,,,RPS26,TGFB1I1,,ARHGEF2,,,,,,,,,
,,,,,,,,,Ptov1,,Rnf13,,TMEM179B,,,,,,,,,,,Samhd1,,,SAMHD1,PTOV1,,RNF13,,,,,,,,,
,,,,,,,,,Col4a4,,Cyba,,TMEM59,,,,,,,,,,,Capn2,,,CAPN2,COL4A4,,CYBA,,,,,,,,,
,,,,,,,,,Cnn2,,Eif3k,,TMOD3,,,,,,,,,,,Nop10,,,NOP10,CNN2,,EIF3K,,,,,,,,,
,,,,,,,,,Vegfa,,Prss8,,TMPRSS2,,,,,,,,,,,Txndc17,,,TXNDC17,VEGFA,,PRSS8,,,,,,,,,
,,,,,,,,,Tns1,,Tfdp2,,TMSB4X,,,,,,,,,,,2-Sep,,,44441,TNS1,,TFDP2,,,,,,,,,
,,,,,,,,,Col4a1,,Klf5,,TNFAIP1,,,,,,,,,,,Rsl1d1,,,RSL1D1,COL4A1,,KLF5,,,,,,,,,
,,,,,,,,,Myo1b,,Gas5,,TNFRSF12A,,,,,,,,,,,Eef1a1,,,EEF1A1,MYO1B,,GAS5,,,,,,,,,
,,,,,,,,,Nbl1,,Aldh3b1,,TNNC1,,,,,,,,,,,Clic4,,,CLIC4,NBL1,,ALDH3B1,,,,,,,,,
,,,,,,,,,Eva1b,,2610001J05Rik,,TNS1,,,,,,,,,,,Ppia,,,PPIA,EVA1B,,2610001J05RIK,,,,,,,,,
,,,,,,,,,Tmem150a,,2-Sep,,TOR1AIP2,,,,,,,,,,,Rbm39,,,RBM39,TMEM150A,,44441,,,,,,,,,
,,,,,,,,,Selenbp1,,Ltbp3,,TPM4,,,,,,,,,,,Rnf10,,,RNF10,SELENBP1,,LTBP3,,,,,,,,,
,,,,,,,,,Mmd,,Psmc3,,TPPP,,,,,,,,,,,Rras,,,RRAS,MMD,,PSMC3,,,,,,,,,
,,,,,,,,,Fzd2,,Myo1b,,TRIM16,,,,,,,,,,,Rpl35,,,RPL35,FZD2,,MYO1B,,,,,,,,,
,,,,,,,,,St3gal5,,Tmem50a,,TSC22D2,,,,,,,,,,,Ppp1r11,,,PPP1R11,ST3GAL5,,TMEM50A,,,,,,,,,
,,,,,,,,,Daam2,,Ube2d3,,TSPAN13,,,,,,,,,,,Cct2,,,CCT2,DAAM2,,UBE2D3,,,,,,,,,
,,,,,,,,,Elovl1,,Cgn,,TSPAN15,,,,,,,,,,,Eef1b2,,,EEF1B2,ELOVL1,,CGN,,,,,,,,,
,,,,,,,,,Tprgl,,S1pr2,,TSPAN4,,,,,,,,,,,Psmb9,,,PSMB9,TPRGL,,S1PR2,,,,,,,,,
,,,,,,,,,Rhog,,Eif3f,,TSPAN7,,,,,,,,,,,Ddit4,,,DDIT4,RHOG,,EIF3F,,,,,,,,,
,,,,,,,,,Tmem128,,Vdac2,,TTC7A,,,,,,,,,,,Sec62,,,SEC62,TMEM128,,VDAC2,,,,,,,,,
,,,,,,,,,Mpc1,,Coq7,,TTLL7,,,,,,,,,,,Rap1b,,,RAP1B,MPC1,,COQ7,,,,,,,,,
,,,,,,,,,Foxa2,,Srp14,,TUBA4A,,,,,,,,,,,Sdhb,,,SDHB,FOXA2,,SRP14,,,,,,,,,
,,,,,,,,,Snx18,,Rpl11,,TUBB6,,,,,,,,,,,Slc39a4,,,SLC39A4,SNX18,,RPL11,,,,,,,,,
,,,,,,,,,Col4a3,,Sar1b,,TXNDC11,,,,,,,,,,,Rpl17,,,RPL17,COL4A3,,SAR1B,,,,,,,,,
,,,,,,,,,Crlf1,,Naxd,,UBC,,,,,,,,,,,Vmp1,,,VMP1,CRLF1,,NAXD,,,,,,,,,
,,,,,,,,,Dusp1,,Adss,,UNC13D,,,,,,,,,,,Fam174b,,,FAM174B,DUSP1,,ADSS,,,,,,,,,
,,,,,,,,,Gramd2,,Prkar1a,,UPK3B,,,,,,,,,,,Anp32a,,,ANP32A,GRAMD2,,PRKAR1A,,,,,,,,,
,,,,,,,,,Ltbp3,,Rhoc,,VCL,,,,,,,,,,,Psmb3,,,PSMB3,LTBP3,,RHOC,,,,,,,,,
,,,,,,,,,Sema3e,,Gemin7,,VEGFA,,,,,,,,,,,St3gal4,,,ST3GAL4,SEMA3E,,GEMIN7,,,,,,,,,
,,,,,,,,,Asah1,,Zfas1,,VSIG2,,,,,,,,,,,Marcks,,,MARCKS,ASAH1,,ZFAS1,,,,,,,,,
,,,,,,,,,Gnb4,,Vcl,,WASF3,,,,,,,,,,,Lamp1,,,LAMP1,GNB4,,VCL,,,,,,,,,
,,,,,,,,,Slc44a2,,Rpl37a,,WFS1,,,,,,,,,,,Hnrnpab,,,HNRNPAB,SLC44A2,,RPL37A,,,,,,,,,
,,,,,,,,,Unc13d,,Eny2,,WNT3A,,,,,,,,,,,Nedd4,,,NEDD4,UNC13D,,ENY2,,,,,,,,,
,,,,,,,,,Rusc2,,Ypel5,,WNT7A,,,,,,,,,,,Tmem165,,,TMEM165,RUSC2,,YPEL5,,,,,,,,,
,,,,,,,,,Cdipt,,Arhgdia,,WWC2,,,,,,,,,,,Ddx5,,,DDX5,CDIPT,,ARHGDIA,,,,,,,,,
,,,,,,,,,Mical2,,5-Mar,,YWHAH,,,,,,,,,,,Llph,,,LLPH,MICAL2,,44260,,,,,,,,,
,,,,,,,,,Pias1,,Macf1,,ZBED2,,,,,,,,,,,Txn1,,,TXN1,PIAS1,,MACF1,,,,,,,,,
,,,,,,,,,Rhof,,Hsp90aa1,,ZFP36,,,,,,,,,,,Ralb,,,RALB,RHOF,,HSP90AA1,,,,,,,,,
,,,,,,,,,Hspa5,,Fam213a,,ZFYVE9,,,,,,,,,,,Adss,,,ADSS,HSPA5,,FAM213A,,,,,,,,,
,,,,,,,,,Aldh3b1,,Yipf3,,,,,,,,,,,,,S100a16,,,S100A16,ALDH3B1,,YIPF3,,,,,,,,,
,,,,,,,,,Fkbp9,,Mxd4,,,,,,,,,,,,,Psma1,,,PSMA1,FKBP9,,MXD4,,,,,,,,,
,,,,,,,,,Nsun4,,Prkcd,,,,,,,,,,,,,Psmc4,,,PSMC4,NSUN4,,PRKCD,,,,,,,,,
,,,,,,,,,Fbn2,,Atxn1,,,,,,,,,,,,,Uqcrfs1,,,UQCRFS1,FBN2,,ATXN1,,,,,,,,,
,,,,,,,,,Utrn,,Gm19990,,,,,,,,,,,,,Serinc1,,,SERINC1,UTRN,,GM19990,,,,,,,,,
,,,,,,,,,Clic3,,Rbx1,,,,,,,,,,,,,Eif3l,,,EIF3L,CLIC3,,RBX1,,,,,,,,,
,,,,,,,,,Icam1,,Cfl2,,,,,,,,,,,,,Rab1a,,,RAB1A,ICAM1,,CFL2,,,,,,,,,
,,,,,,,,,Hs2st1,,Selenow,,,,,,,,,,,,,Gadd45a,,,GADD45A,HS2ST1,,SELENOW,,,,,,,,,
,,,,,,,,,Col4a2,,Ccdc12,,,,,,,,,,,,,Rab5c,,,RAB5C,COL4A2,,CCDC12,,,,,,,,,
,,,,,,,,,Cdkn2b,,Aamdc,,,,,,,,,,,,,Fxyd3,,,FXYD3,CDKN2B,,AAMDC,,,,,,,,,
,,,,,,,,,Cers2,,Cox5b,,,,,,,,,,,,,Gpx8,,,GPX8,CERS2,,COX5B,,,,,,,,,
,,,,,,,,,Sema3b,,Pef1,,,,,,,,,,,,,Shtn1,,,SHTN1,SEMA3B,,PEF1,,,,,,,,,
,,,,,,,,,Gadd45g,,2810474O19Rik,,,,,,,,,,,,,H2-K1,,,H2-K1,GADD45G,,2810474O19RIK,,,,,,,,,
,,,,,,,,,Map6,,Rpl36,,,,,,,,,,,,,Sarnp,,,SARNP,MAP6,,RPL36,,,,,,,,,
,,,,,,,,,Bst2,,Psap,,,,,,,,,,,,,Hint1,,,HINT1,BST2,,PSAP,,,,,,,,,
,,,,,,,,,H2-D1,,Chmp2a,,,,,,,,,,,,,Tnfrsf11b,,,TNFRSF11B,H2-D1,,CHMP2A,,,,,,,,,
,,,,,,,,,Tspan2,,Gm12481,,,,,,,,,,,,,Traf4,,,TRAF4,TSPAN2,,GM12481,,,,,,,,,
,,,,,,,,,Tpm3,,H2-DMb1,,,,,,,,,,,,,Gas5,,,GAS5,TPM3,,H2-DMB1,,,,,,,,,
,,,,,,,,,Tmem160,,Rps7,,,,,,,,,,,,,Sin3b,,,SIN3B,TMEM160,,RPS7,,,,,,,,,
,,,,,,,,,Plekha1,,Ubl3,,,,,,,,,,,,,Cct7,,,CCT7,PLEKHA1,,UBL3,,,,,,,,,
,,,,,,,,,Tmem165,,Esam,,,,,,,,,,,,,Tmc4,,,TMC4,TMEM165,,ESAM,,,,,,,,,
,,,,,,,,,Csgalnact2,,Rasgef1b,,,,,,,,,,,,,Emp1,,,EMP1,CSGALNACT2,,RASGEF1B,,,,,,,,,
,,,,,,,,,Ptrf,,Plec,,,,,,,,,,,,,Rpl7,,,RPL7,PTRF,,PLEC,,,,,,,,,
,,,,,,,,,Tsc22d3,,Oaz2,,,,,,,,,,,,,Taldo1,,,TALDO1,TSC22D3,,OAZ2,,,,,,,,,
,,,,,,,,,Mdfic,,Myh9,,,,,,,,,,,,,Serf2,,,SERF2,MDFIC,,MYH9,,,,,,,,,
,,,,,,,,,Sort1,,Taok3,,,,,,,,,,,,,Stip1,,,STIP1,SORT1,,TAOK3,,,,,,,,,
,,,,,,,,,Gsn,,Eno1,,,,,,,,,,,,,Hist1h2bc,,,HIST1H2BC,GSN,,ENO1,,,,,,,,,
,,,,,,,,,Cadm1,,S100a1,,,,,,,,,,,,,Plpp3,,,PLPP3,CADM1,,S100A1,,,,,,,,,
,,,,,,,,,Dpysl2,,Nrbp2,,,,,,,,,,,,,Ddx39b,,,DDX39B,DPYSL2,,NRBP2,,,,,,,,,
,,,,,,,,,Fads3,,Cenpx,,,,,,,,,,,,,Rpl27,,,RPL27,FADS3,,CENPX,,,,,,,,,
,,,,,,,,,Slc6a14,,Ccdc107,,,,,,,,,,,,,Carhsp1,,,CARHSP1,SLC6A14,,CCDC107,,,,,,,,,
,,,,,,,,,15-Sep,,Eif4a2,,,,,,,,,,,,,Bzw1,,,BZW1,44454,,EIF4A2,,,,,,,,,
,,,,,,,,,Rasl11a,,Rpl37,,,,,,,,,,,,,Dnajb1,,,DNAJB1,RASL11A,,RPL37,,,,,,,,,
,,,,,,,,,Pvrl3,,Cst3,,,,,,,,,,,,,Edf1,,,EDF1,PVRL3,,CST3,,,,,,,,,
,,,,,,,,,Sec62,,Rpl35,,,,,,,,,,,,,Srsf7,,,SRSF7,SEC62,,RPL35,,,,,,,,,
,,,,,,,,,Sorcs2,,Dynlt3,,,,,,,,,,,,,Myh9,,,MYH9,SORCS2,,DYNLT3,,,,,,,,,
,,,,,,,,,Pkm,,Dazap1,,,,,,,,,,,,,Itgb1,,,ITGB1,PKM,,DAZAP1,,,,,,,,,
,,,,,,,,,Bend7,,Edf1,,,,,,,,,,,,,Eif3f,,,EIF3F,BEND7,,EDF1,,,,,,,,,
,,,,,,,,,Arf2,,Lmo4,,,,,,,,,,,,,Cops6,,,COPS6,ARF2,,LMO4,,,,,,,,,
,,,,,,,,,Max,,Rps10,,,,,,,,,,,,,Ifi35,,,IFI35,MAX,,RPS10,,,,,,,,,
,,,,,,,,,Cdc42,,Rps27,,,,,,,,,,,,,Nono,,,NONO,CDC42,,RPS27,,,,,,,,,
,,,,,,,,,Mrpl14,,Rpl27,,,,,,,,,,,,,Naca,,,NACA,MRPL14,,RPL27,,,,,,,,,
,,,,,,,,,Epn2,,Cux1,,,,,,,,,,,,,Plet1,,,PLET1,EPN2,,CUX1,,,,,,,,,
,,,,,,,,,Cog7,,Emb,,,,,,,,,,,,,Rps4l,,,RPS4L,COG7,,EMB,,,,,,,,,
,,,,,,,,,Tusc3,,Eif5b,,,,,,,,,,,,,Dpysl2,,,DPYSL2,TUSC3,,EIF5B,,,,,,,,,
,,,,,,,,,Dnajb11,,Muc1,,,,,,,,,,,,,Bcam,,,BCAM,DNAJB11,,MUC1,,,,,,,,,
,,,,,,,,,Hbegf,,2610028H24Rik,,,,,,,,,,,,,Fkbp4,,,FKBP4,HBEGF,,2610028H24RIK,,,,,,,,,
,,,,,,,,,Nnat,,Os9,,,,,,,,,,,,,Nhp2,,,NHP2,NNAT,,OS9,,,,,,,,,
,,,,,,,,,Tuba1a,,Tmem123,,,,,,,,,,,,,Eva1a,,,EVA1A,TUBA1A,,TMEM123,,,,,,,,,
,,,,,,,,,Mthfd1,,Sox4,,,,,,,,,,,,,Pcbp2,,,PCBP2,MTHFD1,,SOX4,,,,,,,,,
,,,,,,,,,App,,Rer1,,,,,,,,,,,,,Nars,,,NARS,APP,,RER1,,,,,,,,,
,,,,,,,,,Anxa5,,Fam103a1,,,,,,,,,,,,,Selenof,,,SELENOF,ANXA5,,FAM103A1,,,,,,,,,
,,,,,,,,,Lgmn,,Otub1,,,,,,,,,,,,,Rpl23a,,,RPL23A,LGMN,,OTUB1,,,,,,,,,
,,,,,,,,,Tuba1b,,Hnrnpk,,,,,,,,,,,,,Aldoa,,,ALDOA,TUBA1B,,HNRNPK,,,,,,,,,
,,,,,,,,,Tubb2a,,Cox7a2l,,,,,,,,,,,,,Rpl28,,,RPL28,TUBB2A,,COX7A2L,,,,,,,,,
,,,,,,,,,Npw,,Hnrnpf,,,,,,,,,,,,,Rps6,,,RPS6,NPW,,HNRNPF,,,,,,,,,
,,,,,,,,,Gipc2,,Capns1,,,,,,,,,,,,,Tcp1,,,TCP1,GIPC2,,CAPNS1,,,,,,,,,
,,,,,,,,,Klhdc8a,,Arl6ip5,,,,,,,,,,,,,Sesn3,,,SESN3,KLHDC8A,,ARL6IP5,,,,,,,,,
,,,,,,,,,Eno1,,Lrp10,,,,,,,,,,,,,Eif4e2,,,EIF4E2,ENO1,,LRP10,,,,,,,,,
,,,,,,,,,Wsb1,,H3f3b,,,,,,,,,,,,,Sf3b6,,,SF3B6,WSB1,,H3F3B,,,,,,,,,
,,,,,,,,,Vamp8,,Rnf10,,,,,,,,,,,,,Srsf3,,,SRSF3,VAMP8,,RNF10,,,,,,,,,
,,,,,,,,,Atp6v0e,,Gstt1,,,,,,,,,,,,,Tprgl,,,TPRGL,ATP6V0E,,GSTT1,,,,,,,,,
,,,,,,,,,Gde1,,Sf3b5,,,,,,,,,,,,,Gnai2,,,GNAI2,GDE1,,SF3B5,,,,,,,,,
,,,,,,,,,Nceh1,,Sh2d4a,,,,,,,,,,,,,Eif3g,,,EIF3G,NCEH1,,SH2D4A,,,,,,,,,
,,,,,,,,,Ctnnd2,,Pink1,,,,,,,,,,,,,Psmd7,,,PSMD7,CTNND2,,PINK1,,,,,,,,,
,,,,,,,,,Acot9,,Cdkn1c,,,,,,,,,,,,,Sphk1,,,SPHK1,ACOT9,,CDKN1C,,,,,,,,,
,,,,,,,,,Bcap31,,Rps26,,,,,,,,,,,,,Ccnd2,,,CCND2,BCAP31,,RPS26,,,,,,,,,
,,,,,,,,,Lims1,,Gabarapl2,,,,,,,,,,,,,Cttn,,,CTTN,LIMS1,,GABARAPL2,,,,,,,,,
,,,,,,,,,Msn,,Psmb7,,,,,,,,,,,,,Mlf2,,,MLF2,MSN,,PSMB7,,,,,,,,,
,,,,,,,,,Emp2,,Psmb8,,,,,,,,,,,,,Fblim1,,,FBLIM1,EMP2,,PSMB8,,,,,,,,,
,,,,,,,,,Timp3,,Yipf4,,,,,,,,,,,,,Serinc2,,,SERINC2,TIMP3,,YIPF4,,,,,,,,,
,,,,,,,,,Prkcdbp,,Hsp90ab1,,,,,,,,,,,,,Chrnb1,,,CHRNB1,PRKCDBP,,HSP90AB1,,,,,,,,,
,,,,,,,,,Plb1,,Rpl7,,,,,,,,,,,,,Ormdl2,,,ORMDL2,PLB1,,RPL7,,,,,,,,,
,,,,,,,,,Rhoa,,Atxn7l3b,,,,,,,,,,,,,Ap2m1,,,AP2M1,RHOA,,ATXN7L3B,,,,,,,,,
,,,,,,,,,Gpc3,,Skp1a,,,,,,,,,,,,,Wbp4,,,WBP4,GPC3,,SKP1A,,,,,,,,,
,,,,,,,,,Fkbp7,,Flot1,,,,,,,,,,,,,Timp3,,,TIMP3,FKBP7,,FLOT1,,,,,,,,,
,,,,,,,,,Gstt1,,Rps11,,,,,,,,,,,,,Pglyrp2,,,PGLYRP2,GSTT1,,RPS11,,,,,,,,,
,,,,,,,,,Akr1c14,,Ppp1ca,,,,,,,,,,,,,Psma5,,,PSMA5,AKR1C14,,PPP1CA,,,,,,,,,
,,,,,,,,,Stk17b,,Rap1b,,,,,,,,,,,,,Ifitm2,,,IFITM2,STK17B,,RAP1B,,,,,,,,,
,,,,,,,,,Slc1a1,,Cmpk1,,,,,,,,,,,,,Rpl8,,,RPL8,SLC1A1,,CMPK1,,,,,,,,,
,,,,,,,,,Pde7a,,Snx3,,,,,,,,,,,,,H2-Q6,,,H2-Q6,PDE7A,,SNX3,,,,,,,,,
,,,,,,,,,Ehd1,,Minos1,,,,,,,,,,,,,Rpl7a,,,RPL7A,EHD1,,MINOS1,,,,,,,,,
,,,,,,,,,Fam89a,,Tpd52l2,,,,,,,,,,,,,Skp1a,,,SKP1A,FAM89A,,TPD52L2,,,,,,,,,
,,,,,,,,,P4ha1,,Camk2d,,,,,,,,,,,,,Eef2,,,EEF2,P4HA1,,CAMK2D,,,,,,,,,
,,,,,,,,,Cfl2,,Usp14,,,,,,,,,,,,,Pdap1,,,PDAP1,CFL2,,USP14,,,,,,,,,
,,,,,,,,,Gsap,,Rpl6,,,,,,,,,,,,,Tpr,,,TPR,GSAP,,RPL6,,,,,,,,,
,,,,,,,,,Mlf2,,Rsu1,,,,,,,,,,,,,Mdk,,,MDK,MLF2,,RSU1,,,,,,,,,
,,,,,,,,,Orai1,,Capza2,,,,,,,,,,,,,Mtx2,,,MTX2,ORAI1,,CAPZA2,,,,,,,,,
,,,,,,,,,Fgf18,,Hmgb1,,,,,,,,,,,,,Gpx2,,,GPX2,FGF18,,HMGB1,,,,,,,,,
,,,,,,,,,Serpinh1,,Gadd45g,,,,,,,,,,,,,Metap2,,,METAP2,SERPINH1,,GADD45G,,,,,,,,,
,,,,,,,,,Ager,,Gpx1,,,,,,,,,,,,,Rps27a,,,RPS27A,AGER,,GPX1,,,,,,,,,
,,,,,,,,,Ehd2,,Babam2,,,,,,,,,,,,,Mrps18a,,,MRPS18A,EHD2,,BABAM2,,,,,,,,,
,,,,,,,,,Itm2a,,Psmc6,,,,,,,,,,,,,Cfl2,,,CFL2,ITM2A,,PSMC6,,,,,,,,,
,,,,,,,,,Crip2,,Itm2b,,,,,,,,,,,,,Pdcd6,,,PDCD6,CRIP2,,ITM2B,,,,,,,,,
,,,,,,,,,Tead1,,Efhd2,,,,,,,,,,,,,Eif2s1,,,EIF2S1,TEAD1,,EFHD2,,,,,,,,,
,,,,,,,,,1190002N15Rik,,Comt,,,,,,,,,,,,,Prdx1,,,PRDX1,1190002N15RIK,,COMT,,,,,,,,,
,,,,,,,,,Lpcat1,,Uap1l1,,,,,,,,,,,,,U2af1,,,U2AF1,LPCAT1,,UAP1L1,,,,,,,,,
,,,,,,,,,Col4a5,,Rock1,,,,,,,,,,,,,Anxa6,,,ANXA6,COL4A5,,ROCK1,,,,,,,,,
,,,,,,,,,Tmbim6,,Eif1ax,,,,,,,,,,,,,Tmsb4x,,,TMSB4X,TMBIM6,,EIF1AX,,,,,,,,,
,,,,,,,,,Ddr1,,Tpm4,,,,,,,,,,,,,Gabarapl2,,,GABARAPL2,DDR1,,TPM4,,,,,,,,,
,,,,,,,,,Slc9a3r2,,Mbnl1,,,,,,,,,,,,,Rpl6,,,RPL6,SLC9A3R2,,MBNL1,,,,,,,,,
,,,,,,,,,Lrrk1,,Prep,,,,,,,,,,,,,Eif2s2,,,EIF2S2,LRRK1,,PREP,,,,,,,,,
,,,,,,,,,Gadd45b,,Snapin,,,,,,,,,,,,,Pdcl3,,,PDCL3,GADD45B,,SNAPIN,,,,,,,,,
,,,,,,,,,Calu,,Npdc1,,,,,,,,,,,,,Ocln,,,OCLN,CALU,,NPDC1,,,,,,,,,
,,,,,,,,,Arhgdia,,Ppdpf,,,,,,,,,,,,,BC005624,,,BC005624,ARHGDIA,,PPDPF,,,,,,,,,
,,,,,,,,,Vapa,,Wfdc1,,,,,,,,,,,,,Ghitm,,,GHITM,VAPA,,WFDC1,,,,,,,,,
,,,,,,,,,Pon2,,Cyb5r3,,,,,,,,,,,,,Tgfb1i1,,,TGFB1I1,PON2,,CYB5R3,,,,,,,,,
,,,,,,,,,Parp3,,Snx17,,,,,,,,,,,,,Rbm25,,,RBM25,PARP3,,SNX17,,,,,,,,,
,,,,,,,,,Fam177a,,Rpl39,,,,,,,,,,,,,Hspe1,,,HSPE1,FAM177A,,RPL39,,,,,,,,,
,,,,,,,,,Actb,,Dusp7,,,,,,,,,,,,,Atpif1,,,ATPIF1,ACTB,,DUSP7,,,,,,,,,
,,,,,,,,,Pdpn,,1810058I24Rik,,,,,,,,,,,,,Arf5,,,ARF5,PDPN,,1810058I24RIK,,,,,,,,,
,,,,,,,,,Ramp1,,Mal,,,,,,,,,,,,,Snrpd2,,,SNRPD2,RAMP1,,MAL,,,,,,,,,
,,,,,,,,,Errfi1,,Copb1,,,,,,,,,,,,,Stoml2,,,STOML2,ERRFI1,,COPB1,,,,,,,,,
,,,,,,,,,Ppp3ca,,Fam174a,,,,,,,,,,,,,Snrpd3,,,SNRPD3,PPP3CA,,FAM174A,,,,,,,,,
,,,,,,,,,Sftpc,,1810037I17Rik,,,,,,,,,,,,,,,,,SFTPC,,1810037I17RIK,,,,,,,,,
,,,,,,,,,Lama3,,Gtf2h5,,,,,,,,,,,,,,,,,LAMA3,,GTF2H5,,,,,,,,,
,,,,,,,,,Aldh2,,Fundc2,,,,,,,,,,,,,,,,,ALDH2,,FUNDC2,,,,,,,,,
,,,,,,,,,Cers4,,Ube2r2,,,,,,,,,,,,,,,,,CERS4,,UBE2R2,,,,,,,,,
,,,,,,,,,Sparc,,Slc39a8,,,,,,,,,,,,,,,,,SPARC,,SLC39A8,,,,,,,,,
,,,,,,,,,Lamc2,,Npm1,,,,,,,,,,,,,,,,,LAMC2,,NPM1,,,,,,,,,
,,,,,,,,,Nfkbia,,Rpl18a,,,,,,,,,,,,,,,,,NFKBIA,,RPL18A,,,,,,,,,
,,,,,,,,,Rassf8,,Ddah2,,,,,,,,,,,,,,,,,RASSF8,,DDAH2,,,,,,,,,
,,,,,,,,,Limch1,,Rps16,,,,,,,,,,,,,,,,,LIMCH1,,RPS16,,,,,,,,,
,,,,,,,,,Dag1,,Lama3,,,,,,,,,,,,,,,,,DAG1,,LAMA3,,,,,,,,,
,,,,,,,,,Cxcl16,,Hspa4,,,,,,,,,,,,,,,,,CXCL16,,HSPA4,,,,,,,,,
,,,,,,,,,Lipa,,Rpl9,,,,,,,,,,,,,,,,,LIPA,,RPL9,,,,,,,,,
,,,,,,,,,Igfbp7,,Fam46b,,,,,,,,,,,,,,,,,IGFBP7,,FAM46B,,,,,,,,,
,,,,,,,,,Agrn,,Nop53,,,,,,,,,,,,,,,,,AGRN,,NOP53,,,,,,,,,
,,,,,,,,,Cd151,,Rnf181,,,,,,,,,,,,,,,,,CD151,,RNF181,,,,,,,,,
,,,,,,,,,Sptbn1,,Ndufc2,,,,,,,,,,,,,,,,,SPTBN1,,NDUFC2,,,,,,,,,
,,,,,,,,,Dlc1,,Fgf1,,,,,,,,,,,,,,,,,DLC1,,FGF1,,,,,,,,,
,,,,,,,,,Ptgs1,,Irf2,,,,,,,,,,,,,,,,,PTGS1,,IRF2,,,,,,,,,
,,,,,,,,,Lamp1,,H2-Q7,,,,,,,,,,,,,,,,,LAMP1,,H2-Q7,,,,,,,,,
,,,,,,,,,Rbms1,,Smpdl3a,,,,,,,,,,,,,,,,,RBMS1,,SMPDL3A,,,,,,,,,
,,,,,,,,,Slc39a8,,Cox5a,,,,,,,,,,,,,,,,,SLC39A8,,COX5A,,,,,,,,,
,,,,,,,,,Id3,,Cldnd1,,,,,,,,,,,,,,,,,ID3,,CLDND1,,,,,,,,,
,,,,,,,,,Anxa3,,Cops9,,,,,,,,,,,,,,,,,ANXA3,,COPS9,,,,,,,,,
,,,,,,,,,Coq10b,,Cct4,,,,,,,,,,,,,,,,,COQ10B,,CCT4,,,,,,,,,
,,,,,,,,,Cryab,,Klf9,,,,,,,,,,,,,,,,,CRYAB,,KLF9,,,,,,,,,
,,,,,,,,,Hspg2,,Rpl28,,,,,,,,,,,,,,,,,HSPG2,,RPL28,,,,,,,,,
,,,,,,,,,Fras1,,Mgst3,,,,,,,,,,,,,,,,,FRAS1,,MGST3,,,,,,,,,
,,,,,,,,,Tmem63b,,Rpl31,,,,,,,,,,,,,,,,,TMEM63B,,RPL31,,,,,,,,,
,,,,,,,,,Sftpb,,Commd10,,,,,,,,,,,,,,,,,SFTPB,,COMMD10,,,,,,,,,
,,,,,,,,,Malat1,,Smim3,,,,,,,,,,,,,,,,,MALAT1,,SMIM3,,,,,,,,,
,,,,,,,,,Reep5,,Supt4a,,,,,,,,,,,,,,,,,REEP5,,SUPT4A,,,,,,,,,
,,,,,,,,,Klf6,,Mmp11,,,,,,,,,,,,,,,,,KLF6,,MMP11,,,,,,,,,
,,,,,,,,,Bcam,,Smim7,,,,,,,,,,,,,,,,,BCAM,,SMIM7,,,,,,,,,
,,,,,,,,,Gpx4,,Mat2b,,,,,,,,,,,,,,,,,GPX4,,MAT2B,,,,,,,,,
,,,,,,,,,Itga3,,Taldo1,,,,,,,,,,,,,,,,,ITGA3,,TALDO1,,,,,,,,,
,,,,,,,,,Plekhh2,,Rab11b,,,,,,,,,,,,,,,,,PLEKHH2,,RAB11B,,,,,,,,,
,,,,,,,,,Tinagl1,,Rpl27a,,,,,,,,,,,,,,,,,TINAGL1,,RPL27A,,,,,,,,,
,,,,,,,,,Fhl1,,Nt5c,,,,,,,,,,,,,,,,,FHL1,,NT5C,,,,,,,,,
,,,,,,,,,Wwc2,,Klf2,,,,,,,,,,,,,,,,,WWC2,,KLF2,,,,,,,,,
,,,,,,,,,Slc34a2,,Atp5j2,,,,,,,,,,,,,,,,,SLC34A2,,ATP5J2,,,,,,,,,
,,,,,,,,,Sftpa1,,Plxna1,,,,,,,,,,,,,,,,,SFTPA1,,PLXNA1,,,,,,,,,
,,,,,,,,,Anxa6,,Rpl18,,,,,,,,,,,,,,,,,ANXA6,,RPL18,,,,,,,,,
,,,,,,,,,Spry1,,Tm9sf3,,,,,,,,,,,,,,,,,SPRY1,,TM9SF3,,,,,,,,,
,,,,,,,,,Myo1c,,Tbrg1,,,,,,,,,,,,,,,,,MYO1C,,TBRG1,,,,,,,,,
,,,,,,,,,Nckap5,,Fam96b,,,,,,,,,,,,,,,,,NCKAP5,,FAM96B,,,,,,,,,
,,,,,,,,,Slc25a4,,Spock2,,,,,,,,,,,,,,,,,SLC25A4,,SPOCK2,,,,,,,,,
,,,,,,,,,Piezo1,,Hmox2,,,,,,,,,,,,,,,,,PIEZO1,,HMOX2,,,,,,,,,
,,,,,,,,,Bnip2,,Fis1,,,,,,,,,,,,,,,,,BNIP2,,FIS1,,,,,,,,,
,,,,,,,,,,,Lrp4,,,,,,,,,,,,,,,,,,,LRP4,,,,,,,,,
,,,,,,,,,,,Sfxn3,,,,,,,,,,,,,,,,,,,SFXN3,,,,,,,,,
,,,,,,,,,,,Ywhab,,,,,,,,,,,,,,,,,,,YWHAB,,,,,,,,,
,,,,,,,,,,,Cox6a1,,,,,,,,,,,,,,,,,,,COX6A1,,,,,,,,,
,,,,,,,,,,,Sypl,,,,,,,,,,,,,,,,,,,SYPL,,,,,,,,,
,,,,,,,,,,,Smc6,,,,,,,,,,,,,,,,,,,SMC6,,,,,,,,,
,,,,,,,,,,,Adam10,,,,,,,,,,,,,,,,,,,ADAM10,,,,,,,,,
,,,,,,,,,,,Ctdspl,,,,,,,,,,,,,,,,,,,CTDSPL,,,,,,,,,
,,,,,,,,,,,Arhgap8,,,,,,,,,,,,,,,,,,,ARHGAP8,,,,,,,,,
,,,,,,,,,,,Hsbp1,,,,,,,,,,,,,,,,,,,HSBP1,,,,,,,,,
,,,,,,,,,,,Eif5a,,,,,,,,,,,,,,,,,,,EIF5A,,,,,,,,,
,,,,,,,,,,,Gnb1,,,,,,,,,,,,,,,,,,,GNB1,,,,,,,,,
,,,,,,,,,,,Ifngr1,,,,,,,,,,,,,,,,,,,IFNGR1,,,,,,,,,
,,,,,,,,,,,Txndc9,,,,,,,,,,,,,,,,,,,TXNDC9,,,,,,,,,
,,,,,,,,,,,Unc50,,,,,,,,,,,,,,,,,,,UNC50,,,,,,,,,
,,,,,,,,,,,Cib2,,,,,,,,,,,,,,,,,,,CIB2,,,,,,,,,
,,,,,,,,,,,Erbin,,,,,,,,,,,,,,,,,,,ERBIN,,,,,,,,,
,,,,,,,,,,,Arrdc1,,,,,,,,,,,,,,,,,,,ARRDC1,,,,,,,,,
,,,,,,,,,,,Rtraf,,,,,,,,,,,,,,,,,,,RTRAF,,,,,,,,,
,,,,,,,,,,,,,,,,,,,,,,,,,,,,,,,,,,,,,,,
,,,,,,,,,,,,,,,,,,,,,,,,,,,,,,,,,,,,,,,
,,,,,,,,,,,,,,,,,,,,,,,,,,,,,,,,,,,,,,,
,,,,,,,,,,,,,,,,,,,,,,,,,,,,,,,,,,,,,,,
